Symbol, StockName,Sector,Industry,Currency,Board
2S.BK,2S METAL PUBLIC COMPANY LIMITED,Industrial,-,THB,mai
7UP.BK,SEVEN UTILITIES AND POWER PUBLIC COMPANY LIMITED,Resources,Energy & Utilities,THB,SET
A.BK,AREEYA PROPERTY PUBLIC COMPANY LIMITED,Property & Construction,Property Development,THB,SET
A5.BK,ASSET FIVE GROUP PUBLIC COMPANY LIMITED,Services,-,THB,mai
AAV.BK,ASIA AVIATION PUBLIC COMPANY LIMITED,Services,Transportation & Logistics,THB,SET
ABICO.BK,ABICO HOLDINGS PUBLIC COMPANY LIMITED,Agro & Food Industry,-,THB,mai
ABM.BK,ASIA BIOMASS PUBLIC COMPANY LIMITED,Resources,-,THB,mai
ABPIF.BK,AMATA B. GRIMM POWER POWER PLANT INFRASTRUCTURE FUND,Resources,Energy & Utilities,THB,SET
ACAP.BK,ASIA CAPITAL GROUP PUBLIC COMPANY LIMITED,Financials,-,NaN,mai
ACC.BK,ADVANCED CONNECTION CORPORATION PUBLIC COMPANY LIMITED,Consumer Products,Home & Office Products,THB,SET
ACE.BK,ABSOLUTE CLEAN ENERGY PUBLIC COMPANY LIMITED,Resources,Energy & Utilities,THB,SET
ACG.BK,AUTOCORP HOLDING PUBLIC COMPANY LIMITED,Industrial,-,THB,mai
ADB.BK,APPLIED DB PUBLIC COMPANY LIMITED,Industrial,-,THB,mai
ADVANC.BK,ADVANCED INFO SERVICE PUBLIC COMPANY LIMITED,Technology,Information & Communication Technology,THB,SET
AEC.BK,AEC SECURITIES PUBLIC COMPANY LIMITED,Financials,Finance & Securities,NaN,SET
AEONTS.BK,AEON THANA SINSAP (THAILAND) PUBLIC COMPANY LIMITED,Financials,Finance & Securities,NaN,SET
AF.BK,AIRA FACTORING PUBLIC COMPANY LIMITED,Financials,-,NaN,mai
AFC.BK,ASIA FIBER PUBLIC COMPANY LIMITED,Consumer Products,Fashion,THB,SET
AGE.BK,ASIA GREEN ENERGY PUBLIC COMPANY LIMITED,Resources,-,THB,mai
AH.BK,AAPICO HITECH PUBLIC COMPANY LIMITED,Industrials,Automotive,THB,SET
AHC.BK,AIKCHOL HOSPITAL PUBLIC COMPANY LIMITED,Services,Health Care Services,THB,SET
AI.BK,ASIAN INSULATORS PUBLIC COMPANY LIMITED,Resources,Energy & Utilities,THB,SET
AIE.BK,AI ENERGY PUBLIC COMPANY LIMITED,Resources,-,THB,mai
AIMCG.BK,AIM COMMERCIAL GROWTH FREEHOLD AND LEASEHOLD REAL ESTATE INVESTMENT TRUST,Property & Construction,Property Fund & REITs,THB,SET
AIMIRT.BK,AIM INDUSTRIAL GROWTH FREEHOLD AND LEASEHOLD REAL ESTATE INVESTMENT TRUST,Property & Construction,Property Fund & REITs,THB,SET
AIRA.BK,AIRA CAPITAL PUBLIC COMPANY LIMITED,Financials,-,NaN,mai
AIT.BK,"ADVANCED INFORMATION TECHNOLOGY PUBLIC CO.,LTD.",Technology,Information & Communication Technology,THB,SET
AJ.BK,A.J. PLAST PUBLIC COMPANY LIMITED,Industrials,Packaging,THB,SET
AJA.BK,AJ ADVANCE TECHNOLOGY PUBLIC COMPANY LIMITED,Consumer Products,Home & Office Products,THB,SET
AKP.BK,AKKHIE PRAKARN PUBLIC COMPANY LIMITED,Services,-,THB,mai
AKR.BK,EKARAT ENGINEERING PUBLIC COMPANY LIMITED,Resources,Energy & Utilities,THB,SET
ALL.BK,ALL INSPIRE DEVELOPMENT PUBLIC COMPANY LIMITED,Property & Construction,-,THB,mai
ALLA.BK,ALLA PUBLIC COMPANY LIMITED,Industrials,Industrial Materials & Machinery,THB,SET
ALT.BK,ALT TELECOM PUBLIC COMPANY LIMITED,Technology,Information & Communication Technology,THB,SET
ALUCON.BK,ALUCON PUBLIC COMPANY LIMITED,Industrials,Packaging,THB,SET
AMA.BK,AMA MARINE PUBLIC COMPANY LIMITED,Services,-,THB,mai
AMANAH.BK,AMANAH LEASING PUBLIC COMPANY LIMITED,Financials,Finance & Securities,NaN,SET
AMARIN.BK,AMARIN PRINTING AND PUBLISHING PUBLIC COMPANY LIMITED,Services,Media & Publishing,THB,SET
AMATA.BK,AMATA CORPORATION PUBLIC COMPANY LIMITED,Property & Construction,Property Development,THB,SET
AMATAR.BK,AMATA SUMMIT GROWTH FREEHOLD AND LEASEHOLD REAL ESTATE INVESTMENT TRUST,Property & Construction,Property Fund & REITs,THB,SET
AMATAV.BK,AMATA VN PUBLIC COMPANY LIMITED,Property & Construction,Property Development,THB,SET
AMC.BK,ASIA METAL PUBLIC COMPANY LIMITED,Industrials,Steel,THB,SET
ANAN.BK,ANANDA DEVELOPMENT PUBLIC COMPANY LIMITED,Property & Construction,Property Development,THB,SET
AOT.BK,AIRPORTS OF THAILAND PUBLIC COMPANY LIMITED,Services,Transportation & Logistics,THB,SET
AP.BK,AP (THAILAND) PUBLIC COMPANY LIMITED,Property & Construction,Property Development,THB,SET
APCO.BK,ASIAN PHYTOCEUTICALS PUBLIC COMPANY LIMITED,Consumer Products,Personal Products & Pharmaceuticals,THB,SET
APCS.BK,ASIA PRECISION PUBLIC COMPANY LIMITED,Industrials,Automotive,THB,SET
APEX.BK,APEX DEVELOPMENT PUBLIC COMPANY LIMITED,Property & Construction,Property Development,THB,SET
APP.BK,APPLICAD PUBLIC COMPANY LIMITED,Technology,-,THB,mai
APURE.BK,AGRIPURE HOLDINGS PUBLIC COMPANY LIMITED,Agro & Food Industry,Food & Beverage,THB,SET
AQ.BK,AQ ESTATE PUBLIC COMPANY LIMITED,Property & Construction,Property Development,THB,SET
AQUA.BK,AQUA CORPORATION PUBLIC COMPANY LIMITED,Services,Media & Publishing,THB,SET
ARIN.BK,ARINSIRI LAND PUBLIC COMPANY LIMITED,Property & Construction,-,THB,mai
ARIP.BK,ARIP PUBLIC COMPANY LIMITED,Services,-,THB,mai
ARROW.BK,ARROW SYNDICATE PUBLIC COMPANY LIMITED,Property & Construction,-,THB,mai
AS.BK,ASIASOFT CORPORATION PUBLIC COMPANY LIMITED,Services,Media & Publishing,THB,SET
ASAP.BK,SYNERGETIC AUTO PERFORMANCE PUBLIC COMPANY LIMITED,Financials,Finance & Securities,NaN,SET
ASEFA.BK,ASEFA PUBLIC COMPANY LIMITED,Industrials,Industrial Materials & Machinery,THB,SET
ASIA.BK,ASIA HOTEL PUBLIC COMPANY LIMITED,Services,Tourism & Leisure,THB,SET
ASIAN.BK,ASIAN SEA CORPORATION PUBLIC COMPANY LIMITED,Agro & Food Industry,Food & Beverage,THB,SET
ASIMAR.BK,ASIAN MARINE SERVICES PUBLIC COMPANY LIMITED,Services,Transportation & Logistics,THB,SET
ASK.BK,ASIA SERMKIJ LEASING PUBLIC COMPANY LIMITED,Financials,Finance & Securities,NaN,SET
ASN.BK,ASN BROKER PUBLIC COMPANY LIMITED,Financials,-,NaN,mai
ASP.BK,ASIA PLUS GROUP HOLDINGS PUBLIC COMPANY LIMITED,Financials,Finance & Securities,NaN,SET
ATP30.BK,ATP30 PUBLIC COMPANY LIMITED,Services,-,THB,mai
AU.BK,AFTER YOU PUBLIC COMPANY LIMITED,Agro & Food Industry,-,THB,mai
AUCT.BK,UNION AUCTION PUBLIC COMPANY LIMITED,Services,-,THB,mai
AWC.BK,ASSET WORLD CORP PUBLIC COMPANY LIMITED,Property & Construction,Property Development,THB,SET
AYUD.BK,ALLIANZ AYUDHYA CAPITAL PUBLIC COMPANY LIMITED,Financials,Insurance,NaN,SET
B.BK,BEGISTICS PUBLIC COMPANY LIMITED,Services,Transportation & Logistics,THB,SET
B52.BK,B-52 CAPITAL PUBLIC COMPANY LIMITED,Consumer Products,Fashion,THB,SET
BA.BK,BANGKOK AIRWAYS PUBLIC COMPANY LIMITED,Services,Transportation & Logistics,THB,SET
BAFS.BK,BANGKOK AVIATION FUEL SERVICES PCL.,Resources,Energy & Utilities,THB,SET
BAM.BK,BANGKOK COMMERCIAL ASSET MANAGEMENT PUBLIC COMPANY LIMITED,Financials,Finance & Securities,NaN,SET
BANPU.BK,BANPU PUBLIC COMPANY LIMITED,Resources,Energy & Utilities,USD,SET
BAT-3K.BK,HITACHI CHEMICAL STORAGE BATTERY (THAILAND) PUBLIC COMPANY LIMITED,Industrials,Automotive,THB,SET
BAY.BK,BANK OF AYUDHYA PUBLIC COMPANY LIMITED,Financials,Banking,NaN,SET
BBL.BK,BANGKOK BANK PUBLIC COMPANY LIMITED,Financials,Banking,NaN,SET
BC.BK,BOUTIQUE CORPORATION PUBLIC COMPANY LIMITED,Property & Construction,-,THB,mai
BCH.BK,BANGKOK CHAIN HOSPITAL PUBLIC COMPANY LIMITED,Services,Health Care Services,THB,SET
BCP.BK,BANGCHAK CORPORATION PUBLIC COMPANY LIMITED,Resources,Energy & Utilities,THB,SET
BCPG.BK,BCPG PUBLIC COMPANY LIMITED,Resources,Energy & Utilities,THB,SET
BCT.BK,BIRLA CARBON (THAILAND) PUBLIC COMPANY LIMITED,Industrials,Petrochemicals & Chemicals,THB,SET
BDMS.BK,BANGKOK DUSIT MEDICAL SERVICES PUBLIC COMPANY LIMITED,Services,Health Care Services,THB,SET
BEAUTY.BK,BEAUTY COMMUNITY PUBLIC COMPANY LIMITED,Services,Commerce,THB,SET
BEC.BK,BEC WORLD PUBLIC COMPANY LIMITED,Services,Media & Publishing,THB,SET
BEM.BK,BANGKOK EXPRESSWAY AND METRO PUBLIC COMPANY LIMITED,Services,Transportation & Logistics,THB,SET
BFIT.BK,SRISAWAD FINANCE PUBLIC COMPANY LIMITED,Financials,Finance & Securities,NaN,SET
BGC.BK,BG CONTAINER GLASS PUBLIC COMPANY LIMITED,Industrials,Packaging,THB,SET
BGRIM.BK,B.GRIMM POWER PUBLIC COMPANY LIMITED,Resources,Energy & Utilities,THB,SET
BGT.BK,BGT CORPORATION PUBLIC COMPANY LIMITED,Consumer Products,-,THB,mai
BH.BK,BUMRUNGRAD HOSPITAL PUBLIC COMPANY LIMITED,Services,Health Care Services,THB,SET
BIG.BK,BIG CAMERA CORPORATION PUBLIC COMPANY LIMITED,Services,Commerce,THB,SET
BIZ.BK,BUSINESS ALIGNMENT PUBLIC COMPANY LIMITED,Consumer Products,-,THB,mai
BJC.BK,BERLI JUCKER PUBLIC COMPANY LIMITED,Services,Commerce,THB,SET
BJCHI.BK,BJC HEAVY INDUSTRIES PUBLIC COMPANY LIMITED,Property & Construction,Construction Services,THB,SET
BKD.BK,BANGKOK DEC-CON PUBLIC COMPANY LIMITED,Property & Construction,Construction Services,THB,SET
BKER.BK,BUALUANG K.E. RETAIL LEASEHOLD REAL ESTATE INVESTMENT TRUST,Property & Construction,Property Fund & REITs,THB,SET
BKI.BK,BANGKOK INSURANCE PUBLIC COMPANY LIMITED,Financials,Insurance,NaN,SET
BKKCP.BK,BANGKOK COMMERCIAL PROPERTY FUND,Property & Construction,Property Fund & REITs,THB,SET
BLA.BK,BANGKOK LIFE ASSURANCE PUBLIC COMPANY LIMITED,Financials,Insurance,NaN,SET
BLAND.BK,BANGKOK LAND PUBLIC COMPANY LIMITED,Property & Construction,Property Development,THB,SET
BLISS.BK,BLISS-TEL PUBLIC COMPANY LIMITED,Technology,Information & Communication Technology,THB,SET
BM.BK,BANGKOK SHEET METAL PUBLIC COMPANY LIMITED,Industrial,-,THB,mai
BOFFICE.BK,BHIRAJ OFFICE LEASEHOLD REAL ESTATE INVESTMENT TRUST,Property & Construction,Property Fund & REITs,THB,SET
BOL.BK,BUSINESS ONLINE PUBLIC COMPANY LIMITED,Services,-,THB,mai
BPP.BK,BANPU POWER PUBLIC COMPANY LIMITED,Resources,Energy & Utilities,THB,SET
BR.BK,BANGKOK RANCH PUBLIC COMPANY LIMITED,Agro & Food Industry,Food & Beverage,THB,SET
BROCK.BK,BAAN ROCK GARDEN PUBLIC COMPANY LIMITED,Property & Construction,Property Development,THB,SET
BROOK.BK,THE BROOKER GROUP PUBLIC COMPANY LIMITED,Financials,-,NaN,mai
BRR.BK,BURIRAM SUGAR PUBLIC COMPANY LIMITED,Agro & Food Industry,Food & Beverage,THB,SET
BRRGIF.BK,BURIRAM SUGAR GROUP POWER PLANT INFRASTRUCTURE FUND,Resources,Energy & Utilities,THB,SET
BSBM.BK,BANGSAPHAN BARMILL PUBLIC COMPANY LIMITED,Industrials,Steel,THB,SET
BSM.BK,BUILDERSMART PUBLIC COMPANY LIMITED,Property & Construction,-,THB,mai
BTNC.BK,BOUTIQUE NEWCITY PUBLIC COMPANY LIMITED,Consumer Products,Fashion,THB,SET
BTS.BK,BTS GROUP HOLDINGS PUBLIC COMPANY LIMITED,Services,Transportation & Logistics,THB,SET
BTSGIF.BK,BTS RAIL MASS TRANSIT GROWTH INFRASTRUCTURE FUND,Services,Transportation & Logistics,THB,SET
BTW.BK,BT WEALTH INDUSTRIES PUBLIC COMPANY LIMITED,Property & Construction,-,THB,mai
BUI.BK,BANGKOK UNION INSURANCE PUBLIC COMPANY LIMITED,Financials,Insurance,NaN,SET
BWG.BK,BETTER WORLD GREEN PUBLIC COMPANY LIMITED,Services,Professional Services,THB,SET
B-WORK.BK,BUALUANG OFFICE LEASEHOLD REAL ESTATE INVESTMENT TRUST,Property & Construction,Property Fund & REITs,THB,SET
CAZ.BK,CAZ (THAILAND) PUBLIC COMPANY LIMITED,Property & Construction,-,THB,mai
CBG.BK,CARABAO GROUP PUBLIC COMPANY LIMITED,Agro & Food Industry,Food & Beverage,THB,SET
CCET.BK,"CAL-COMP ELECTRONICS (THAILAND) PUBLIC CO., LTD.",Technology,Electronic Components,THB,SET
CCP.BK,CHONBURI CONCRETE PRODUCT PUBLIC COMPANY LIMITED,Property & Construction,Construction Materials,THB,SET
CEN.BK,CAPITAL ENGINEERING NETWORK PUBLIC COMPANY LIMITED,Industrials,Steel,THB,SET
CENTEL.BK,CENTRAL PLAZA HOTEL PUBLIC COMPANY LIMITED,Services,Tourism & Leisure,THB,SET
CFRESH.BK,SEAFRESH INDUSTRY PUBLIC COMPANY LIMITED,Agro & Food Industry,Food & Beverage,THB,SET
CGD.BK,COUNTRY GROUP DEVELOPMENT PUBLIC COMPANY LIMITED,Property & Construction,Property Development,THB,SET
CGH.BK,COUNTRY GROUP HOLDINGS PUBLIC COMPANY LIMITED,Financials,Finance & Securities,NaN,SET
CHARAN.BK,CHARAN INSURANCE PUBLIC COMPANY LIMITED,Financials,Insurance,NaN,SET
CHAYO.BK,CHAYO GROUP PUBLIC COMPANY LIMITED,Financials,-,NaN,mai
CHEWA.BK,CHEWATHAI PUBLIC COMPANY LIMITED,Property & Construction,-,THB,mai
CHG.BK,CHULARAT HOSPITAL PUBLIC COMPANY LIMITED,Services,Health Care Services,THB,SET
CHO.BK,CHO THAVEE PUBLIC COMPANY LIMITED,Industrial,-,THB,mai
CHOTI.BK,"KIANG HUAT SEA GULL TRADING FROZEN FOOD PUBLIC CO., LTD.",Agro & Food Industry,Agribusiness,THB,SET
CHOW.BK,CHOW STEEL INDUSTRIES PUBLIC COMPANY LIMITED,Industrial,-,THB,mai
CHUO.BK,CHUO SENKO (THAILAND) PUBLIC COMPANY LIMITED,Services,-,THB,mai
CI.BK,CHARN ISSARA DEVELOPMENT PUBLIC COMPANY LIMITED,Property & Construction,Property Development,THB,SET
CIG.BK,C.I.GROUP PUBLIC COMPANY LIMITED,Industrial,-,THB,mai
CIMBT.BK,CIMB THAI BANK PUBLIC COMPANY LIMITED,Financials,Banking,NaN,SET
CITY.BK,CITY STEEL PUBLIC COMPANY LIMITED,Industrials,Steel,THB,SET
CK.BK,CH. KARNCHANG PUBLIC COMPANY LIMITED,Property & Construction,Construction Services,THB,SET
CKP.BK,CK POWER PUBLIC COMPANY LIMITED,Resources,Energy & Utilities,THB,SET
CM.BK,CHIANGMAI FROZEN FOODS PUBLIC COMPANY LIMITED,Agro & Food Industry,Food & Beverage,THB,SET
CMAN.BK,CHEMEMAN PUBLIC COMPANY LIMITED,Industrials,Petrochemicals & Chemicals,THB,SET
CMC.BK,CHAOPRAYAMAHANAKORN PUBLIC COMPANY LIMITED,Property & Construction,-,THB,mai
CMO.BK,CMO PUBLIC COMPANY LIMITED,Services,-,THB,mai
CMR.BK,CHIANG MAI RAM MEDICAL BUSINESS PUBLIC COMPANY LIMITED,Services,Health Care Services,THB,SET
CNS.BK,CAPITAL NOMURA SECURITIES PUBLIC COMPANY LIMITED,Financials,Finance & Securities,NaN,SET
CNT.BK,CHRISTIANI & NIELSEN (THAI) PUBLIC COMPANY LIMITED,Property & Construction,Construction Services,THB,SET
COL.BK,COL PUBLIC COMPANY LIMITED,Services,Commerce,THB,SET
COLOR.BK,SALEE COLOUR PUBLIC COMPANY LIMITED,Industrial,-,THB,mai
COM7.BK,COM7 PUBLIC COMPANY LIMITED,Services,Commerce,THB,SET
COMAN.BK,COMANCHE INTERNATIONAL PUBLIC COMPANY LIMITED,Technology,-,THB,mai
COTTO.BK,SCG CERAMICS PUBLIC COMPANY LIMITED,Property & Construction,Construction Materials,THB,SET
CPALL.BK,CP ALL PUBLIC COMPANY LIMITED,Services,Commerce,THB,SET
CPF.BK,CHAROEN POKPHAND FOODS PUBLIC COMPANY LIMITED,Agro & Food Industry,Food & Beverage,THB,SET
CPH.BK,CASTLE PEAK HOLDINGS PUBLIC COMPANY LIMITED,Consumer Products,Fashion,THB,SET
CPI.BK,CHUMPORN PALM OIL INDUSTRY PUBLIC COMPANY LIMITED,Agro & Food Industry,Food & Beverage,THB,SET
CPL.BK,CPL GROUP PUBLIC COMPANY LIMITED,Consumer Products,Fashion,THB,SET
CPN.BK,CENTRAL PATTANA PUBLIC COMPANY LIMITED,Property & Construction,Property Development,THB,SET
CPNCG.BK,CPN COMMERCIAL GROWTH LEASEHOLD PROPERTY FUND,Property & Construction,Property Fund & REITs,THB,SET
CPNREIT.BK,CPN RETAIL GROWTH LEASEHOLD REIT,Property & Construction,Property Fund & REITs,THB,SET
CPR.BK,CPR GOMU INDUSTRIAL PUBLIC COMPANY LIMITED,Industrial,-,THB,mai
CPT.BK,CPT DRIVES AND POWER PUBLIC COMPANY LIMITED,Industrials,Industrial Materials & Machinery,THB,SET
CPTGF.BK,C.P. TOWER GROWTH LEASEHOLD PROPERTY FUND,Property & Construction,Property Fund & REITs,THB,SET
CPW.BK,COPPERWIRED PUBLIC COMPANY LIMITED,Services,Commerce,THB,SET
CRANE.BK,CHU KAI PUBLIC COMPANY LIMITED,Industrials,Industrial Materials & Machinery,THB,SET
CRD.BK,CHIANGMAI RIMDOI PUBLIC COMPANY LIMITED,Property & Construction,-,THB,mai
CSC.BK,CROWN SEAL PUBLIC COMPANY LIMITED,Industrials,Packaging,THB,SET
CSP.BK,CSP STEEL CENTER PUBLIC COMPANY LIMITED,Industrials,Steel,THB,SET
CSR.BK,CITY SPORTS AND RECREATION PUBLIC COMPANY LIMITED,Services,Tourism & Leisure,THB,SET
CSS.BK,COMMUNICATION AND SYSTEM SOLUTION PUBLIC COMPANY LIMITED,Services,Commerce,THB,SET
CTARAF.BK,CENTARA HOTELS & RESORTS LEASEHOLD PROPERTY FUND,Property & Construction,Property Fund & REITs,THB,SET
CTW.BK,CHAROONG THAI WIRE & CABLE PUBLIC COMPANY LIMITED,Industrials,Industrial Materials & Machinery,THB,SET
CWT.BK,CHAI WATANA TANNERY GROUP PUBLIC COMPANY LIMITED,Industrials,Automotive,THB,SET
D.BK,DENTAL CORPORATION PUBLIC COMPANY LIMITED,Services,-,THB,mai
DCC.BK,DYNASTY CERAMIC PUBLIC COMPANY LIMITED,Property & Construction,Construction Materials,THB,SET
DCON.BK,DCON PRODUCTS PUBLIC COMPANY LIMITED,Property & Construction,Construction Materials,THB,SET
DCORP.BK,DEMETER CORPORATION PUBLIC COMPANY LIMITED,Services,-,THB,mai
DDD.BK,DO DAY DREAM PUBLIC COMPANY LIMITED,Consumer Products,Personal Products & Pharmaceuticals,THB,SET
DELTA.BK,DELTA ELECTRONICS (THAILAND) PUBLIC COMPANY LIMITED,Technology,Electronic Components,THB,SET
DEMCO.BK,DEMCO PUBLIC COMPANY LIMITED,Resources,Energy & Utilities,THB,SET
DIF.BK,DIGITAL TELECOMMUNICATIONS INFRASTRUCTURE FUND,Technology,Information & Communication Technology,THB,SET
DIMET.BK,DIMET (SIAM) PUBLIC COMPANY LIMITED,Property & Construction,-,THB,mai
DOD.BK,DOD BIOTECH PUBLIC COMPANY LIMITED,Consumer Products,-,THB,mai
DOHOME.BK,DOHOME PUBLIC COMPANY LIMITED,Services,Commerce,THB,SET
DREIT.BK,DUSIT THANI FREEHOLD AND LEASEHOLD REAL ESTATE INVESTMENT TRUST,Property & Construction,Property Fund & REITs,THB,SET
DRT.BK,DIAMOND BUILDING PRODUCTS PUBLIC COMPANY LIMITED,Property & Construction,Construction Materials,THB,SET
DTAC.BK,TOTAL ACCESS COMMUNICATION PUBLIC COMPANY LIMITED,Technology,Information & Communication Technology,THB,SET
DTC.BK,DUSIT THANI PUBLIC COMPANY LIMITED,Services,Tourism & Leisure,THB,SET
DTCI.BK,D.T.C. INDUSTRIES PUBLIC COMPANY LIMITED,Consumer Products,Home & Office Products,THB,SET
EA.BK,ENERGY ABSOLUTE PUBLIC COMPANY LIMITED,Resources,Energy & Utilities,THB,SET
EASON.BK,EASON PAINT PUBLIC COMPANY LIMITED,Industrials,Automotive,THB,SET
EASTW.BK,EASTERN WATER RESOURCES DEVELOPMENT AND MANAGEMENT PCL.,Resources,Energy & Utilities,THB,SET
ECF.BK,EAST COAST FURNITECH PUBLIC COMPANY LIMITED,Consumer Products,-,THB,mai
ECL.BK,EASTERN COMMERCIAL LEASING PUBLIC COMPANY LIMITED,Financials,Finance & Securities,NaN,SET
EE.BK,ETERNAL ENERGY PUBLIC COMPANY LIMITED,Agro & Food Industry,Agribusiness,THB,SET
EFORL.BK,E FOR L AIM PUBLIC COMPANY LIMITED,Services,-,THB,mai
EGATIF.BK,"NORTH BANGKOK POWER PLANT BLOCK 1 INFRASTRUCTURE FUND, ELECTRICITY GENERATING AUTHORITY OF THAILAND",Resources,Energy & Utilities,THB,SET
EGCO.BK,ELECTRICITY GENERATING PUBLIC COMPANY LIMITED,Resources,Energy & Utilities,THB,SET
EIC.BK,ELECTRONICS INDUSTRY PUBLIC COMPANY LIMITED,Technology,Electronic Components,THB,SET
EKH.BK,EKACHAI MEDICAL CARE PUBLIC COMPANY LIMITED,Services,Health Care Services,THB,SET
EMC.BK,EMC PUBLIC COMPANY LIMITED,Property & Construction,Construction Services,THB,SET
EPCO.BK,EASTERN PRINTING PUBLIC COMPANY LIMITED,Services,Media & Publishing,THB,SET
EPG.BK,EASTERN POLYMER GROUP PUBLIC COMPANY LIMITED,Property & Construction,Construction Materials,THB,SET
ERW.BK,THE ERAWAN GROUP PUBLIC COMPANY LIMITED,Services,Tourism & Leisure,THB,SET
ERWPF.BK,ERAWAN HOTEL GROWTH PROPERTY FUND,Property & Construction,Property Fund & REITs,THB,SET
ESSO.BK,ESSO (THAILAND) PUBLIC COMPANY LIMITED,Resources,Energy & Utilities,THB,SET
ESTAR.BK,EASTERN STAR REAL ESTATE PUBLIC COMPANY LIMITED,Property & Construction,Property Development,THB,SET
ETE.BK,EASTERN TECHNICAL ENGINEERING PUBLIC COMPANY LIMITED,Services,-,THB,mai
EVER.BK,EVERLAND PUBLIC COMPANY LIMITED,Property & Construction,Property Development,THB,SET
F&D.BK,FOOD AND DRINKS PUBLIC COMPANY LIMITED,Agro & Food Industry,Food & Beverage,THB,SET
FANCY.BK,FANCY WOOD INDUSTRIES PUBLIC COMPANY LIMITED,Consumer Products,Home & Office Products,THB,SET
FE.BK,FAR EAST FAME LINE DDB PUBLIC COMPANY LIMITED,Services,Media & Publishing,THB,SET
FLOYD.BK,FLOYD PUBLIC COMPANY LIMITED,Property & Construction,-,THB,mai
FMT.BK,FURUKAWA METAL (THAILAND) PUBLIC COMPANY LIMITED,Industrials,Industrial Materials & Machinery,THB,SET
FN.BK,FN FACTORY OUTLET PUBLIC COMPANY LIMITED,Services,Commerce,THB,SET
FNS.BK,FINANSA PUBLIC COMPANY LIMITED,Financials,Finance & Securities,NaN,SET
FORTH.BK,FORTH CORPORATION PUBLIC COMPANY LIMITED,Technology,Information & Communication Technology,THB,SET
FPI.BK,FORTUNE PARTS INDUSTRY PUBLIC COMPANY LIMITED,Industrial,-,THB,mai
FPT.BK,FRASERS PROPERTY (THAILAND) PUBLIC COMPANY LIMITED,Property & Construction,Property Development,THB,SET
FSMART.BK,FORTH SMART SERVICE PUBLIC COMPANY LIMITED,Services,-,THB,mai
FSS.BK,FINANSIA SYRUS SECURITIES PUBLIC COMPANY LIMITED,Financials,Finance & Securities,NaN,SET
FTE.BK,FIRETRADE ENGINEERING PUBLIC COMPANY LIMITED,Services,Commerce,THB,SET
FTREIT.BK,FRASERS PROPERTY THAILAND INDUSTRIAL FREEHOLD & LEASEHOLD REIT,Property & Construction,Property Fund & REITs,THB,SET
FUTUREPF.BK,FUTURE PARK LEASEHOLD PROPERTY FUND,Property & Construction,Property Fund & REITs,THB,SET
FVC.BK,FILTER VISION PUBLIC COMPANY LIMITED,Services,-,THB,mai
GAHREIT.BK,GRANDE HOSPITALITY REAL ESTATE INVESTMENT TRUST,Property & Construction,Property Fund & REITs,THB,SET
GBX.BK,GLOBLEX HOLDING MANAGEMENT PUBLIC COMPANY LIMITED,Financials,Finance & Securities,NaN,SET
GC.BK,GLOBAL CONNECTIONS PUBLIC COMPANY LIMITED,Industrials,Petrochemicals & Chemicals,THB,SET
GCAP.BK,G CAPITAL PUBLIC COMPANY LIMITED,Financials,-,NaN,mai
GEL.BK,GENERAL ENGINEERING PUBLIC COMPANY LIMITED,Property & Construction,Construction Materials,THB,SET
GENCO.BK,"GENERAL ENVIRONMENTAL CONSERVATION PUBLIC CO., LTD.",Services,Professional Services,THB,SET
GFPT.BK,GFPT PUBLIC COMPANY LIMITED,Agro & Food Industry,Agribusiness,THB,SET
GGC.BK,GLOBAL GREEN CHEMICALS PUBLIC COMPANY LIMITED,Industrials,Petrochemicals & Chemicals,THB,SET
GIFT.BK,GRATITUDE INFINITE PUBLIC COMPANY LIMITED,Industrials,Petrochemicals & Chemicals,THB,SET
GJS.BK,G J STEEL PUBLIC COMPANY LIMITED,Industrials,Steel,THB,SET
GL.BK,GROUP LEASE PUBLIC COMPANY LIMITED,Financials,Finance & Securities,NaN,SET
GLAND.BK,GRAND CANAL LAND PUBLIC COMPANY LIMITED,Property & Construction,Property Development,THB,SET
GLANDRT.BK,GLAND OFFICE LEASEHOLD REAL ESTATE INVESTMENT TRUST,Property & Construction,Property Fund & REITs,THB,SET
GLOBAL.BK,SIAM GLOBAL HOUSE PUBLIC COMPANY LIMITED,Services,Commerce,THB,SET
GLOCON.BK,GLOBAL CONSUMER PUBLIC COMPANY LIMITED,Industrials,Packaging,THB,SET
GOLD.BK,GOLDEN LAND PROPERTY DEVELOPMENT PUBLIC COMPANY LIMITED,Property & Construction,Property Development,THB,SET
GOLDPF.BK,GOLD PROPERTY FUND (LEASE HOLD),Property & Construction,Property Fund & REITs,THB,SET
GPI.BK,GRAND PRIX INTERNATIONAL PUBLIC COMPANY LIMITED,Services,Media & Publishing,THB,SET
GPSC.BK,GLOBAL POWER SYNERGY PUBLIC COMPANY LIMITED,Resources,Energy & Utilities,THB,SET
GRAMMY.BK,GMM GRAMMY PUBLIC COMPANY LIMITED,Services,Media & Publishing,THB,SET
GRAND.BK,GRANDE ASSET HOTELS AND PROPERTY PUBLIC COMPANY LIMITED,Services,Tourism & Leisure,THB,SET
GREEN.BK,GREEN RESOURCES PUBLIC COMPANY LIMITED,Property & Construction,Property Development,THB,SET
GSC.BK,GLOBAL SERVICE CENTER PUBLIC COMPANY LIMITED,Services,-,THB,mai
GSTEEL.BK,G STEEL PUBLIC COMPANY LIMITED,Industrials,Steel,THB,SET
GTB.BK,GETABEC PUBLIC COMPANY LIMITED,Industrial,-,THB,mai
GULF.BK,GULF ENERGY DEVELOPMENT PUBLIC COMPANY LIMITED,Resources,Energy & Utilities,THB,SET
GUNKUL.BK,GUNKUL ENGINEERING PUBLIC COMPANY LIMITED,Resources,Energy & Utilities,THB,SET
GVREIT.BK,GOLDEN VENTURES LEASEHOLD REAL ESTATE INVESTMENT TRUST,Property & Construction,Property Fund & REITs,THB,SET
GYT.BK,GOODYEAR (THAILAND) PUBLIC COMPANY LIMITED,Industrials,Automotive,THB,SET
HANA.BK,HANA MICROELECTRONICS PUBLIC COMPANY LIMITED,Technology,Electronic Components,THB,SET
HARN.BK,HARN ENGINEERING SOLUTIONS PUBLIC COMPANY LIMITED,Services,-,THB,mai
HFT.BK,HWA FONG RUBBER (THAILAND) PUBLIC COMPANY LIMITED,Industrials,Automotive,THB,SET
HMPRO.BK,HOME PRODUCT CENTER PUBLIC COMPANY LIMITED,Services,Commerce,THB,SET
HPF.BK,HEMARAJ INDUSTRIAL PROPERTY AND LEASEHOLD FUND,Property & Construction,Property Fund & REITs,THB,SET
HPT.BK,HOME POTTERY PUBLIC COMPANY LIMITED,Consumer Products,-,THB,mai
HREIT.BK,HEMARAJ LEASEHOLD REAL ESTATE INVESTMENT TRUST,Property & Construction,Property Fund & REITs,THB,SET
HTC.BK,HAAD THIP PUBLIC COMPANY LIMITED,Agro & Food Industry,Food & Beverage,THB,SET
HTECH.BK,HALCYON TECHNOLOGY PUBLIC COMPANY LIMITED,Industrials,Industrial Materials & Machinery,THB,SET
HUMAN.BK,HUMANICA PUBLIC COMPANY LIMITED,Technology,Information & Communication Technology,THB,SET
HYDRO.BK,HYDROTEK PUBLIC COMPANY LIMITED,Property & Construction,-,THB,mai
ICC.BK,I.C.C. INTERNATIONAL PUBLIC COMPANY LIMITED,Consumer Products,Fashion,THB,SET
ICHI.BK,ICHITAN GROUP PUBLIC COMPANY LIMITED,Agro & Food Industry,Food & Beverage,THB,SET
ICN.BK,INFORMATION AND COMMUNICATION NETWORKS PUBLIC COMPANY LIMITED,Technology,-,THB,mai
IFEC.BK,INTER FAR EAST ENERGY CORPORATION PUBLIC COMPANY LIMITED,Resources,Energy & Utilities,THB,SET
IFS.BK,IFS CAPITAL (THAILAND) PUBLIC COMPANY LIMITED,Financials,Finance & Securities,NaN,SET
IHL.BK,INTERHIDES PUBLIC COMPANY LIMITED,Industrials,Automotive,THB,SET
III.BK,TRIPLE I LOGISTICS PUBLIC COMPANY LIMITED,Services,Transportation & Logistics,THB,SET
ILINK.BK,INTERLINK COMMUNICATION PUBLIC COMPANY LIMITED,Technology,Information & Communication Technology,THB,SET
ILM.BK,INDEX LIVING MALL PUBLIC COMPANY LIMITED,Services,Commerce,THB,SET
IMH.BK,INTERMEDICAL CARE AND LAB HOSPITAL PUBLIC COMPANY LIMITED,Services,-,THB,mai
IMPACT.BK,IMPACT GROWTH REAL ESTATE INVESTMENT TRUST,Property & Construction,Property Fund & REITs,THB,SET
INET.BK,INTERNET THAILAND PUBLIC COMPANY LIMITED,Technology,Information & Communication Technology,THB,SET
INGRS.BK,INGRESS INDUSTRIAL (THAILAND) PUBLIC COMPANY LIMITED,Industrials,Automotive,THB,SET
INOX.BK,POSCO-THAINOX PUBLIC COMPANY LIMITED,Industrials,Steel,THB,SET
INSET.BK,INFRASET PUBLIC COMPANY LIMITED,Technology,-,THB,mai
INSURE.BK,INDARA INSURANCE PUBLIC COMPANY LIMITED,Financials,Insurance,NaN,SET
INTUCH.BK,INTOUCH HOLDINGS PUBLIC COMPANY LIMITED,Technology,Information & Communication Technology,THB,SET
IP.BK,INTER PHARMA PUBLIC COMPANY LIMITED,Consumer Products,-,THB,mai
IRC.BK,INOUE RUBBER (THAILAND) PUBLIC COMPANY LIMITED,Industrials,Automotive,THB,SET
IRCP.BK,"INTERNATIONAL RESEARCH CORPORATION PUBLIC CO., LTD.",Technology,-,THB,mai
IRPC.BK,IRPC PUBLIC COMPANY LIMITED,Resources,Energy & Utilities,THB,SET
IT.BK,IT CITY PUBLIC COMPANY LIMITED,Services,Commerce,THB,SET
ITD.BK,ITALIAN-THAI DEVELOPMENT PUBLIC COMPANY LIMITED,Property & Construction,Construction Services,THB,SET
ITEL.BK,INTERLINK TELECOM PUBLIC COMPANY LIMITED,Technology,-,THB,mai
IVL.BK,INDORAMA VENTURES PUBLIC COMPANY LIMITED,Industrials,Petrochemicals & Chemicals,THB,SET
J.BK,JAS ASSET PUBLIC COMPANY LIMITED,Property & Construction,Property Development,THB,SET
JAS.BK,JASMINE INTERNATIONAL PUBLIC COMPANY LIMITED,Technology,Information & Communication Technology,THB,SET
JASIF.BK,JASMINE BROADBAND INTERNET INFRASTRUCTURE FUND,Technology,Information & Communication Technology,THB,SET
JCK.BK,JCK INTERNATIONAL PUBLIC COMPANY LIMITED,Property & Construction,Property Development,THB,SET
JCKH.BK,JCK HOSPITALITY PUBLIC COMPANY LIMITED,Agro & Food Industry,-,THB,mai
JCT.BK,JACK CHIA INDUSTRIES (THAILAND) PUBLIC COMPANY LIMITED,Consumer Products,Personal Products & Pharmaceuticals,THB,SET
JKN.BK,JKN GLOBAL MEDIA PUBLIC COMPANY LIMITED,Services,-,THB,mai
JMART.BK,JAY MART PUBLIC COMPANY LIMITED,Technology,Information & Communication Technology,THB,SET
JMT.BK,JMT NETWORK SERVICES PUBLIC COMPANY LIMITED,Financials,Finance & Securities,NaN,SET
JSP.BK,J.S.P. PROPERTY PUBLIC COMPANY LIMITED,Property & Construction,-,THB,mai
JTS.BK,JASMINE TELECOM SYSTEMS PUBLIC COMPANY LIMITED,Technology,Information & Communication Technology,THB,SET
JUBILE.BK,JUBILEE ENTERPRISE PUBLIC COMPANY LIMITED,Consumer Products,-,THB,mai
JUTHA.BK,JUTHA MARITIME PUBLIC COMPANY LIMITED,Services,Transportation & Logistics,THB,SET
JWD.BK,JWD INFOLOGISTICS PUBLIC COMPANY LIMITED,Services,Transportation & Logistics,THB,SET
K.BK,KINGSMEN C.M.T.I. PUBLIC COMPANY LIMITED,Property & Construction,-,THB,mai
KAMART.BK,KARMARTS PUBLIC COMPANY LIMITED,Services,Commerce,THB,SET
KASET.BK,THAI HA PUBLIC COMPANY LIMITED,Agro & Food Industry,-,THB,mai
KBANK.BK,KASIKORNBANK PUBLIC COMPANY LIMITED,Financials,Banking,NaN,SET
KBS.BK,KHONBURI SUGAR PUBLIC COMPANY LIMITED,Agro & Food Industry,Food & Beverage,THB,SET
KC.BK,K.C. PROPERTY PUBLIC COMPANY LIMITED,Property & Construction,Property Development,THB,SET
KCAR.BK,KRUNGTHAI CAR RENT AND LEASE PUBLIC COMPANY LIMITED,Financials,Finance & Securities,NaN,SET
KCE.BK,KCE ELECTRONICS PUBLIC COMPANY LIMITED,Technology,Electronic Components,THB,SET
KCM.BK,K.C. METALSHEET PUBLIC COMPANY LIMITED,Industrial,-,THB,mai
KDH.BK,THONBURI MEDICAL CENTRE PUBLIC COMPANY LIMITED,Services,Health Care Services,THB,SET
KGI.BK,KGI SECURITIES (THAILAND) PUBLIC COMPANY LIMITED,Financials,Finance & Securities,NaN,SET
KIAT.BK,KIATTANA TRANSPORT PUBLIC COMPANY LIMITED,Services,-,THB,mai
KKC.BK,KULTHORN KIRBY PUBLIC COMPANY LIMITED,Industrials,Industrial Materials & Machinery,THB,SET
KKP.BK,KIATNAKIN BANK PUBLIC COMPANY LIMITED,Financials,Banking,NaN,SET
KOOL.BK,MASTERKOOL INTERNATIONAL PUBLIC COMPANY LIMITED,Services,-,THB,mai
KPNPF.BK,KPN PROPERTY FUND,Property & Construction,Property Fund & REITs,THB,SET
KSL.BK,KHON KAEN SUGAR INDUSTRY PUBLIC COMPANY LIMITED,Agro & Food Industry,Food & Beverage,THB,SET
KTB.BK,KRUNG THAI BANK PUBLIC COMPANY LIMITED,Financials,Banking,NaN,SET
KTC.BK,KRUNGTHAI CARD PUBLIC COMPANY LIMITED,Financials,Finance & Securities,NaN,SET
KTECH.BK,KTECH CONSTRUCTION PUBLIC COMPANY LIMITED,-,Companies Under Rehabilitation,NaN,SET
KTIS.BK,KASET THAI INTERNATIONAL SUGAR CORPORATION PUBLIC COMPANY LIMITED,Agro & Food Industry,Food & Beverage,THB,SET
KUMWEL.BK,KUMWELL CORPORATION PUBLIC COMPANY LIMITED,Industrial,-,THB,mai
KUN.BK,VILLA KUNALAI PUBLIC COMPANY LIMITED,Property & Construction,-,THB,mai
KWC.BK,KRUNGDHEP SOPHON PUBLIC COMPANY LIMITED,Services,Transportation & Logistics,THB,SET
KWG.BK,KING WAI GROUP (THAILAND) PUBLIC COMPANY LIMITED,Property & Construction,Property Development,THB,SET
KWM.BK,K. W. METAL WORK PUBLIC COMPANY LIMITED,Industrial,-,THB,mai
KYE.BK,KANG YONG ELECTRIC PUBLIC COMPANY LIMITED,Consumer Products,Home & Office Products,THB,SET
L&E.BK,LIGHTING & EQUIPMENT PUBLIC COMPANY LIMITED,Consumer Products,Home & Office Products,THB,SET
LALIN.BK,LALIN PROPERTY PUBLIC COMPANY LIMITED,Property & Construction,Property Development,THB,SET
LANNA.BK,THE LANNA RESOURCES PUBLIC COMPANY LIMITED,Resources,Energy & Utilities,THB,SET
LDC.BK,LDC DENTAL PUBLIC COMPANY LIMITED,Services,-,THB,mai
LEE.BK,LEE FEED MILL PUBLIC COMPANY LIMITED,Agro & Food Industry,Agribusiness,THB,SET
LH.BK,LAND AND HOUSES PUBLIC COMPANY LIMITED,Property & Construction,Property Development,THB,SET
LHFG.BK,LH FINANCIAL GROUP PUBLIC COMPANY LIMITED,Financials,Banking,NaN,SET
LHHOTEL.BK,LH HOTEL LEASEHOLD REAL ESTATE INVESTMENT TRUST,Property & Construction,Property Fund & REITs,THB,SET
LHK.BK,LOHAKIT METAL PUBLIC COMPANY LIMITED,Industrials,Steel,THB,SET
LHPF.BK,LAND AND HOUSES FREEHOLD AND LEASEHOLD PROPERTY FUND,Property & Construction,Property Fund & REITs,THB,SET
LHSC.BK,LH SHOPPING CENTERS LEASEHOLD REAL ESTATE INVESTMENT TRUST,Property & Construction,Property Fund & REITs,THB,SET
LIT.BK,LEASE IT PUBLIC COMPANY LIMITED,Financials,-,NaN,mai
LOXLEY.BK,LOXLEY PUBLIC COMPANY LIMITED,Services,Commerce,THB,SET
LPH.BK,LADPRAO GENERAL HOSPITAL PUBLIC COMPANY LIMITED,Services,Health Care Services,THB,SET
LPN.BK,L.P.N. DEVELOPMENT PUBLIC COMPANY LIMITED,Property & Construction,Property Development,THB,SET
LRH.BK,LAGUNA RESORTS & HOTELS PUBLIC COMPANY LIMITED,Services,Tourism & Leisure,THB,SET
LST.BK,LAM SOON (THAILAND) PUBLIC COMPANY LIMITED,Agro & Food Industry,Food & Beverage,THB,SET
LUXF.BK,LUXURY REAL ESTATE INVESTMENT FUND,Property & Construction,Property Fund & REITs,THB,SET
M.BK,MK RESTAURANT GROUP PUBLIC COMPANY LIMITED,Agro & Food Industry,Food & Beverage,THB,SET
MACO.BK,MASTER AD PUBLIC COMPANY LIMITED,Services,Media & Publishing,THB,SET
MAJOR.BK,MAJOR CINEPLEX GROUP PUBLIC COMPANY LIMITED,Services,Media & Publishing,THB,SET
MAKRO.BK,SIAM MAKRO PUBLIC COMPANY LIMITED,Services,Commerce,THB,SET
MALEE.BK,MALEE GROUP PUBLIC COMPANY LIMITED,Agro & Food Industry,Food & Beverage,THB,SET
MANRIN.BK,THE MANDARIN HOTEL PUBLIC COMPANY LIMITED,Services,Tourism & Leisure,THB,SET
MATCH.BK,MATCHING MAXIMIZE SOLUTION PUBLIC COMPANY LIMITED,Services,Media & Publishing,THB,SET
MATI.BK,MATICHON PUBLIC COMPANY LIMITED,Services,Media & Publishing,THB,SET
MAX.BK,MAX METAL CORPORATION PUBLIC COMPANY LIMITED,Industrials,Steel,THB,SET
MBAX.BK,MULTIBAX PUBLIC COMPANY LIMITED,Industrial,-,THB,mai
MBK.BK,MBK PUBLIC COMPANY LIMITED,Property & Construction,Property Development,THB,SET
MBKET.BK,MAYBANK KIM ENG SECURITIES (THAILAND) PUBLIC COMPANY LIMITED,Financials,Finance & Securities,NaN,SET
MC.BK,MC GROUP PUBLIC COMPANY LIMITED,Services,Commerce,THB,SET
M-CHAI.BK,MAHACHAI HOSPITAL PUBLIC COMPANY LIMITED,Services,Health Care Services,THB,SET
MCOT.BK,MCOT PUBLIC COMPANY LIMITED,Services,Media & Publishing,THB,SET
MCS.BK,M.C.S.STEEL PUBLIC COMPANY LIMITED,Industrials,Steel,THB,SET
MDX.BK,M.D.X. PUBLIC COMPANY LIMITED,Resources,Energy & Utilities,THB,SET
MEGA.BK,MEGA LIFESCIENCES PUBLIC COMPANY LIMITED,Services,Commerce,THB,SET
META.BK,META CORPORATION PUBLIC COMPANY LIMITED,Property & Construction,-,THB,mai
METCO.BK,MURAMOTO ELECTRON (THAILAND) PUBLIC COMPANY LIMITED,Technology,Electronic Components,THB,SET
MFC.BK,MFC ASSET MANAGEMENT PUBLIC COMPANY LIMITED,Financials,Finance & Securities,NaN,SET
MFEC.BK,MFEC PUBLIC COMPANY LIMITED,Technology,Information & Communication Technology,THB,SET
MGT.BK,MEGACHEM (THAILAND) PUBLIC COMPANY LIMITED,Industrial,-,THB,mai
MIDA.BK,MIDA ASSETS PUBLIC COMPANY LIMITED,Services,Commerce,THB,SET
M-II.BK,MFC INDUSTRIAL INVESTMENT PROPERTY AND LEASEHOLD FUND,Property & Construction,Property Fund & REITs,THB,SET
MILL.BK,MILLCON STEEL PUBLIC COMPANY LIMITED,Industrials,Steel,THB,SET
MINT.BK,MINOR INTERNATIONAL PUBLIC COMPANY LIMITED,Agro & Food Industry,Food & Beverage,THB,SET
MIPF.BK,MILLIONAIRE PROPERTY FUND,Property & Construction,Property Fund & REITs,THB,SET
MIT.BK,MFC INDUSTRIAL REAL ESTATE INVESTMENT TRUST,Property & Construction,Property Fund & REITs,THB,SET
MITSIB.BK,MITSIB LEASING PUBLIC COMPANY LIMITED,Financials,-,NaN,mai
MJD.BK,MAJOR DEVELOPMENT PUBLIC COMPANY LIMITED,Property & Construction,Property Development,THB,SET
MJLF.BK,MAJOR CINEPLEX LIFESTYLE LEASEHOLD PROPERTY FUND,Property & Construction,Property Fund & REITs,THB,SET
MK.BK,M.K. REAL ESTATE DEVELOPMENT PUBLIC COMPANY LIMITED,Property & Construction,Property Development,THB,SET
ML.BK,"MIDA LEASING PUBLIC CO., LTD.",Financials,Finance & Securities,NaN,SET
MM.BK,MUDMAN PUBLIC COMPANY LIMITED,Agro & Food Industry,-,THB,mai
MNIT.BK,MFC-NICHADA THANI PROPERTY FUND,Property & Construction,Property Fund & REITs,THB,SET
MNIT2.BK,NICHADA THANI PROPERTY FUND 2,Property & Construction,Property Fund & REITs,THB,SET
MNRF.BK,MULTI-NATIONAL RESIDENCE FUND,Property & Construction,Property Fund & REITs,THB,SET
MODERN.BK,MODERNFORM GROUP PUBLIC COMPANY LIMITED,Consumer Products,Home & Office Products,THB,SET
MONO.BK,MONO TECHNOLOGY PUBLIC COMPANY LIMITED,Services,Media & Publishing,THB,SET
MOONG.BK,MOONG PATTANA INTERNATIONAL PUBLIC COMPANY LIMITED,Consumer Products,-,THB,mai
MORE.BK,MORE RETURN PUBLIC COMPANY LIMITED,Services,-,THB,mai
M-PAT.BK,MFC PATONG HERITAGE PROPERTY FUND,Property & Construction,Property Fund & REITs,THB,SET
MPG.BK,MPG CORPORATION PUBLIC COMPANY LIMITED,Services,-,THB,mai
MPIC.BK,M PICTURES ENTERTAINMENT PUBLIC COMPANY LIMITED,Services,Media & Publishing,THB,SET
MSC.BK,METRO SYSTEMS CORPORATION PUBLIC COMPANY LIMITED,Technology,Information & Communication Technology,THB,SET
M-STOR.BK,MFC-STRATEGIC STORAGE FUND,Property & Construction,Property Fund & REITs,THB,SET
MTC.BK,MUANGTHAI CAPITAL PUBLIC COMPANY LIMITED,Financials,Finance & Securities,NaN,SET
MTI.BK,MUANG THAI INSURANCE PUBLIC COMPANY LIMITED,Financials,Insurance,NaN,SET
MVP.BK,M VISION PUBLIC COMPANY LIMITED,Services,-,THB,mai
NBC.BK,NATION BROADCASTING CORPORATION PUBLIC COMPANY LIMITED,Services,-,THB,mai
NC.BK,NEWCITY (BANGKOK) PUBLIC COMPANY LIMITED,Consumer Products,Fashion,THB,SET
NCH.BK,N. C. HOUSING PUBLIC COMPANY LIMITED,Property & Construction,Property Development,THB,SET
NCL.BK,NCL INTERNATIONAL LOGISTICS PUBLIC COMPANY LIMITED,Services,-,THB,mai
NDR.BK,N.D. RUBBER PUBLIC COMPANY LIMITED,Industrial,-,THB,mai
NEP.BK,NEP REALTY AND INDUSTRY PUBLIC COMPANY LIMITED,Industrials,Packaging,THB,SET
NER.BK,NORTH EAST RUBBER PUBLIC COMPANY LIMITED,Agro & Food Industry,Agribusiness,THB,SET
NETBAY.BK,NETBAY PUBLIC COMPANY LIMITED,Technology,-,THB,mai
NEW.BK,WATTANA KARNPAET PUBLIC COMPANY LIMITED,Services,Health Care Services,THB,SET
NEWS.BK,NEWS NETWORK CORPORATION PUBLIC COMPANY LIMITED,Services,-,THB,mai
NEX.BK,NEX POINT PUBLIC COMPANY LIMITED,Technology,Electronic Components,THB,SET
NFC.BK,NFC PUBLIC COMPANY LIMITED,Industrials,Petrochemicals & Chemicals,THB,SET
NINE.BK,NATION INTERNATIONAL EDUTAINMENT PUBLIC COMPANY LIMITED,Services,-,THB,mai
NKI.BK,THE NAVAKIJ INSURANCE PUBLIC COMPANY LIMITED,Financials,Insurance,NaN,SET
NMG.BK,NATION MULTIMEDIA GROUP PUBLIC COMPANY LIMITED,Services,Media & Publishing,THB,SET
NNCL.BK,NAVANAKORN PUBLIC COMPANY LIMITED,Property & Construction,Property Development,THB,SET
NOBLE.BK,NOBLE DEVELOPMENT PUBLIC COMPANY LIMITED,Property & Construction,Property Development,THB,SET
NOK.BK,NOK AIRLINES PUBLIC COMPANY LIMITED,Services,Transportation & Logistics,THB,SET
NPK.BK,NEW PLUS KNITTING PUBLIC COMPANY LIMITED,Consumer Products,-,THB,mai
NSI.BK,NAM SENG INSURANCE PUBLIC COMPANY LIMITED,Financials,Insurance,NaN,SET
NTV.BK,NONTHAVEJ HOSPITAL PUBLIC COMPANY LIMITED,Services,Health Care Services,THB,SET
NUSA.BK,NUSASIRI PUBLIC COMPANY LIMITED,Property & Construction,Property Development,THB,SET
NVD.BK,NIRVANA DAII PUBLIC COMPANY LIMITED,Property & Construction,Property Development,THB,SET
NWR.BK,NAWARAT PATANAKARN PUBLIC COMPANY LIMITED,Property & Construction,Construction Services,THB,SET
NYT.BK,NAMYONG TERMINAL PUBLIC COMPANY LIMITED,Services,Transportation & Logistics,THB,SET
OCC.BK,O.C.C. PUBLIC COMPANY LIMITED,Consumer Products,Personal Products & Pharmaceuticals,THB,SET
OCEAN.BK,OCEAN COMMERCE PUBLIC COMPANY LIMITED,Consumer Products,-,THB,mai
OGC.BK,OCEAN GLASS PUBLIC COMPANY LIMITED,Consumer Products,Home & Office Products,THB,SET
OHTL.BK,OHTL PUBLIC COMPANY LIMITED,Services,Tourism & Leisure,THB,SET
OISHI.BK,OISHI GROUP PUBLIC COMPANY LIMITED,Agro & Food Industry,Food & Beverage,THB,SET
ORI.BK,ORIGIN PROPERTY PUBLIC COMPANY LIMITED,Property & Construction,Property Development,THB,SET
OSP.BK,OSOTSPA PUBLIC COMPANY LIMITED,Agro & Food Industry,Food & Beverage,THB,SET
OTO.BK,ONE TO ONE CONTACTS PUBLIC COMPANY LIMITED,Services,-,THB,mai
PACE.BK,PACE DEVELOPMENT CORPORATION PUBLIC COMPANY LIMITED,Property & Construction,Property Development,THB,SET
PAE.BK,PAE (THAILAND) PUBLIC COMPANY LIMITED,Property & Construction,Construction Services,THB,SET
PAF.BK,PAN ASIA FOOTWEAR PUBLIC COMPANY LIMITED,Consumer Products,Fashion,THB,SET
PAP.BK,PACIFIC PIPE PUBLIC COMPANY LIMITED,Industrials,Steel,THB,SET
PATO.BK,PATO CHEMICAL INDUSTRY PUBLIC COMPANY LIMITED,Industrials,Petrochemicals & Chemicals,THB,SET
PB.BK,PRESIDENT BAKERY PUBLIC COMPANY LIMITED,Agro & Food Industry,Food & Beverage,THB,SET
PCSGH.BK,P.C.S. MACHINE GROUP HOLDING PUBLIC COMPANY LIMITED,Industrials,Automotive,THB,SET
PDG.BK,PRODIGY PUBLIC COMPANY LIMITED,Industrial,-,THB,mai
PDI.BK,PADAENG INDUSTRY PUBLIC COMPANY LIMITED,Resources,Mining,THB,SET
PDJ.BK,PRANDA JEWELRY PUBLIC COMPANY LIMITED,Consumer Products,Fashion,THB,SET
PE.BK,PREMIER ENTERPRISE PUBLIC COMPANY LIMITED,Financials,Finance & Securities,NaN,SET
PERM.BK,PERMSIN STEEL WORKS PUBLIC COMPANY LIMITED,Industrials,Steel,THB,SET
PF.BK,PROPERTY PERFECT PUBLIC COMPANY LIMITED,Property & Construction,Property Development,THB,SET
PG.BK,PEOPLE'S GARMENT PUBLIC COMPANY LIMITED,Consumer Products,Fashion,THB,SET
PHOL.BK,PHOL DHANYA PUBLIC COMPANY LIMITED,Services,-,THB,mai
PICO.BK,PICO THAILAND PUBLIC COMPANY LIMITED,Services,-,THB,mai
PIMO.BK,PIONEER MOTOR PUBLIC COMPANY LIMITED,Industrial,-,THB,mai
PJW.BK,PANJAWATTANA PLASTIC PUBLIC COMPANY LIMITED,Industrial,-,THB,mai
PK.BK,PATKOL PUBLIC COMPANY LIMITED,Industrials,Industrial Materials & Machinery,THB,SET
PL.BK,PHATRA LEASING PUBLIC COMPANY LIMITED,Financials,Finance & Securities,NaN,SET
PLANB.BK,PLAN B MEDIA PUBLIC COMPANY LIMITED,Services,Media & Publishing,THB,SET
PLANET.BK,PLANET COMMUNICATIONS ASIA PUBLIC COMPANY LIMITED,Technology,-,THB,mai
PLAT.BK,THE PLATINUM GROUP PUBLIC COMPANY LIMITED,Property & Construction,Property Development,THB,SET
PLE.BK,POWER LINE ENGINEERING PUBLIC COMPANY LIMITED,Property & Construction,Construction Services,THB,SET
PM.BK,PREMIER MARKETING PUBLIC COMPANY LIMITED,Agro & Food Industry,Food & Beverage,THB,SET
PMTA.BK,PM THORESEN ASIA HOLDINGS PUBLIC COMPANY LIMITED,Industrials,Petrochemicals & Chemicals,THB,SET
POLAR.BK,POLARIS CAPITAL PUBLIC COMPANY LIMITED,Property & Construction,Property Development,THB,SET
POMPUI.BK,KUANG PEI SAN FOOD PRODUCTS PUBLIC COMPANY LIMITED,-,Companies Under Rehabilitation,NaN,SET
POPF.BK,PRIME OFFICE LEASEHOLD PROPERTY FUND,Property & Construction,Property Fund & REITs,THB,SET
PORT.BK,SAHATHAI TERMINAL PUBLIC COMPANY LIMITED,Services,Transportation & Logistics,THB,SET
POST.BK,BANGKOK POST PUBLIC COMPANY LIMITED,Services,Media & Publishing,THB,SET
PPF.BK,PINTHONG INDUSTRIAL PARK PROPERTY FUND,Property & Construction,Property Fund & REITs,THB,SET
PPM.BK,PORN PROM METAL PUBLIC COMPANY LIMITED,Industrial,-,THB,mai
PPP.BK,PREMIER PRODUCTS PUBLIC COMPANY LIMITED,Property & Construction,Construction Materials,THB,SET
PPPM.BK,PP PRIME PUBLIC COMPANY LIMITED,Agro & Food Industry,Agribusiness,THB,SET
PPS.BK,PROJECT PLANNING SERVICE PUBLIC COMPANY LIMITED,Property & Construction,-,THB,mai
PR9.BK,PRARAM 9 HOSPITAL PUBLIC COMPANY LIMITED,Services,Health Care Services,THB,SET
PRAKIT.BK,PRAKIT HOLDINGS PUBLIC COMPANY LIMITED,Services,Media & Publishing,THB,SET
PREB.BK,PRE-BUILT PUBLIC COMPANY LIMITED,Property & Construction,Construction Services,THB,SET
PRECHA.BK,PREECHA GROUP PUBLIC COMPANY LIMITED,Property & Construction,Property Development,THB,SET
PRG.BK,PATUM RICE MILL AND GRANARY PUBLIC COMPANY LIMTED,Agro & Food Industry,Food & Beverage,THB,SET
PRIME.BK,PRIME ROAD POWER PUBLIC COMPANY LIMITED,Resources,Energy & Utilities,THB,SET
PRIN.BK,PRINSIRI PUBLIC COMPANY LIMITED,Property & Construction,Property Development,THB,SET
PRINC.BK,PRINCIPAL CAPITAL PUBLIC COMPANY LIMITED,Services,Health Care Services,THB,SET
PRM.BK,PRIMA MARINE PUBLIC COMPANY LIMITED,Services,Transportation & Logistics,THB,SET
PRO.BK,PROFESSIONAL WASTE TECHNOLOGY (1999) PUBLIC COMPANY LIMITED,Services,Professional Services,THB,SET
PROUD.BK,PROUD REAL ESTATE PUBLIC COMPANY LIMITED,Property & Construction,-,THB,mai
PSH.BK,PRUKSA HOLDING PUBLIC COMPANY LIMITED,Property & Construction,Property Development,THB,SET
PSL.BK,PRECIOUS SHIPPING PUBLIC COMPANY LIMITED,Services,Transportation & Logistics,THB,SET
PSTC.BK,POWER SOLUTION TECHNOLOGIES PUBLIC COMPANY LIMITED,Resources,-,THB,mai
PT.BK,PREMIER TECHNOLOGY PUBLIC COMPANY LIMITED,Technology,Information & Communication Technology,THB,SET
PTG.BK,PTG ENERGY PUBLIC COMPANY LIMITED,Resources,Energy & Utilities,THB,SET
PTL.BK,POLYPLEX (THAILAND) PUBLIC COMPANY LIMITED,Industrials,Packaging,THB,SET
PTT.BK,PTT PUBLIC COMPANY LIMITED,Resources,Energy & Utilities,THB,SET
PTTEP.BK,PTT EXPLORATION AND PRODUCTION PUBLIC COMPANY LIMITED,Resources,Energy & Utilities,USD,SET
PTTGC.BK,PTT GLOBAL CHEMICAL PUBLIC COMPANY LIMITED,Industrials,Petrochemicals & Chemicals,THB,SET
PYLON.BK,PYLON PUBLIC COMPANY LIMITED,Property & Construction,Construction Services,THB,SET
Q-CON.BK,QUALITY CONSTRUCTION PRODUCTS PUBLIC COMPANY LIMITED,Property & Construction,Construction Materials,THB,SET
QH.BK,QUALITY HOUSES PUBLIC COMPANY LIMITED,Property & Construction,Property Development,THB,SET
QHHR.BK,QUALITY HOUSES HOTEL AND RESIDENCE FREEHOLD AND LEASEHOLD PROPERTY FUND,Property & Construction,Property Fund & REITs,THB,SET
QHOP.BK,QUALITY HOSPITALITY LEASEHOLD PROPERTY FUND,Property & Construction,Property Fund & REITs,THB,SET
QHPF.BK,QUALITY HOUSES LEASEHOLD PROPERTY FUND,Property & Construction,Property Fund & REITs,THB,SET
QLT.BK,QUALITECH PUBLIC COMPANY LIMITED,Services,-,THB,mai
QTC.BK,QTC ENERGY PUBLIC COMPANY LIMITED,Resources,-,THB,mai
RAM.BK,RAMKHAMHAENG HOSPITAL PUBLIC COMPANY LIMITED,Services,Health Care Services,THB,SET
RATCH.BK,RATCH GROUP PUBLIC COMPANY LIMITED,Resources,Energy & Utilities,THB,SET
RBF.BK,R&B FOOD SUPPLY PUBLIC COMPANY LIMITED,Agro & Food Industry,Food & Beverage,THB,SET
RCI.BK,THE ROYAL CERAMIC INDUSTRY PUBLIC COMPANY LIMITED,Property & Construction,Construction Materials,THB,SET
RCL.BK,REGIONAL CONTAINER LINES PUBLIC COMPANY LIMITED,Services,Transportation & Logistics,THB,SET
RICH.BK,RICH ASIA CORPORATION PUBLIC COMPANY LIMITED,Industrials,Steel,THB,SET
RICHY.BK,RICHY PLACE 2002 PUBLIC COMPANY LIMITED,Property & Construction,Property Development,THB,SET
RJH.BK,RAJTHANEE HOSPITAL PUBLIC COMPANY LIMITED,Services,Health Care Services,THB,SET
RML.BK,RAIMON LAND PUBLIC COMPANY LIMITED,Property & Construction,Property Development,THB,SET
ROBINS.BK,ROBINSON PUBLIC COMPANY LIMITED,Services,Commerce,THB,SET
ROCK.BK,ROCKWORTH PUBLIC COMPANY LIMITED,Consumer Products,Home & Office Products,THB,SET
ROH.BK,ROYAL ORCHID HOTEL (THAILAND) PUBLIC COMPANY LIMITED,Services,Tourism & Leisure,THB,SET
ROJNA.BK,ROJANA INDUSTRIAL PARK PUBLIC COMPANY LIMITED,Property & Construction,Property Development,THB,SET
RP.BK,RAJA FERRY PORT PUBLIC COMPANY LIMITED,Services,-,THB,mai
RPC.BK,RPCG PUBLIC COMPANY LIMITED,Resources,Energy & Utilities,THB,SET
RPH.BK,RATCHAPHRUEK HOSPITAL PUBLIC COMPANY LIMITED,Services,Health Care Services,THB,SET
RS.BK,RS PUBLIC COMPANY LIMITED,Services,Commerce,THB,SET
RSP.BK,RICH SPORT PUBLIC COMPANY LIMITED,Services,Commerce,THB,SET
RWI.BK,RAYONG WIRE INDUSTRIES PUBLIC COMPANY LIMITED,Industrial,-,THB,mai
S.BK,SINGHA ESTATE PUBLIC COMPANY LIMITED,Property & Construction,Property Development,THB,SET
S & J.BK,S & J INTERNATIONAL ENTERPRISES PUBLIC COMPANY LIMITED,Consumer Products,Personal Products & Pharmaceuticals,THB,SET
S11.BK,S 11 GROUP PUBLIC COMPANY LIMITED,Financials,Finance & Securities,NaN,SET
SAAM.BK,SAAM ENERGY DEVELOPMENT PUBLIC COMPANY LIMITED,Resources,-,THB,mai
SABINA.BK,SABINA PUBLIC COMPANY LIMITED,Consumer Products,Fashion,THB,SET
SAFARI.BK,SAFARI WORLD PUBLIC COMPANY LIMITED,-,Companies Under Rehabilitation,NaN,SET
SALEE.BK,SALEE INDUSTRY PUBLIC COMPANY LIMITED,Industrial,-,THB,mai
SAM.BK,SAMCHAI STEEL INDUSTRIES PUBLIC COMPANY LIMITED,Industrials,Steel,THB,SET
SAMART.BK,SAMART CORPORATION PUBLIC COMPANY LIMITED,Technology,Information & Communication Technology,THB,SET
SAMCO.BK,SAMMAKORN PUBLIC COMPANY LIMITED,Property & Construction,Property Development,THB,SET
SAMTEL.BK,SAMART TELCOMS PUBLIC COMPANY LIMITED,Technology,Information & Communication Technology,THB,SET
SANKO.BK,SANKO DIECASTING (THAILAND) PUBLIC COMPANY LIMITED,Industrial,-,THB,mai
SAPPE.BK,SAPPE PUBLIC COMPANY LIMITED,Agro & Food Industry,Food & Beverage,THB,SET
SAT.BK,SOMBOON ADVANCE TECHNOLOGY PUBLIC COMPANY LIMITED,Industrials,Automotive,THB,SET
SAUCE.BK,THAITHEPAROS PUBLIC COMPANY LIMITED,Agro & Food Industry,Food & Beverage,THB,SET
SAWAD.BK,SRISAWAD CORPORATION PUBLIC COMPANY LIMITED,Financials,Finance & Securities,NaN,SET
SAWANG.BK,SAWANG EXPORT PUBLIC COMPANY LIMITED,Consumer Products,Fashion,THB,SET
SBPF.BK,SAMUI BURI PROPERTY FUND,Property & Construction,Property Fund & REITs,THB,SET
SC.BK,SC ASSET CORPORATION PUBLIC COMPANY LIMITED,Property & Construction,Property Development,THB,SET
SCB.BK,THE SIAM COMMERCIAL BANK PUBLIC COMPANY LIMITED,Financials,Banking,NaN,SET
SCC.BK,THE SIAM CEMENT PUBLIC COMPANY LIMITED,Property & Construction,Construction Materials,THB,SET
SCCC.BK,SIAM CITY CEMENT PUBLIC COMPANY LIMITED,Property & Construction,Construction Materials,THB,SET
SCG.BK,SAHACOGEN (CHONBURI) PUBLIC COMPANY LIMITED,Resources,Energy & Utilities,THB,SET
SCI.BK,SCI ELECTRIC PUBLIC COMPANY LIMITED,Resources,Energy & Utilities,THB,SET
SCN.BK,SCAN INTER PUBLIC COMPANY LIMITED,Resources,Energy & Utilities,THB,SET
SCP.BK,SOUTHERN CONCRETE PILE PUBLIC COMPANY LIMITED,Property & Construction,Construction Materials,THB,SET
SDC.BK,SAMART DIGITAL PUBLIC COMPANY LIMITED,Technology,Information & Communication Technology,THB,SET
SE.BK,SIAMEAST SOLUTIONS PUBLIC COMPANY LIMITED,Services,-,THB,mai
SEAFCO.BK,SEAFCO PUBLIC COMPANY LIMITED,Property & Construction,Construction Services,THB,SET
SEAOIL.BK,SEA OIL PUBLIC COMPANY LIMITED,Resources,-,THB,mai
SE-ED.BK,SE-EDUCATION PUBLIC COMPANY LIMITED,Services,Media & Publishing,THB,SET
SEG.BK,THAI GROUP HOLDINGS PUBLIC COMPANY LIMITED,Financials,Insurance,NaN,SET
SELIC.BK,SELIC CORP PUBLIC COMPANY LIMITED,Industrial,-,THB,mai
SENA.BK,SENADEVELOPMENT PUBLIC COMPANY LIMITED,Property & Construction,Property Development,THB,SET
SF.BK,SIAM FUTURE DEVELOPMENT PUBLIC COMPANY LIMITED,Property & Construction,Property Development,THB,SET
SFLEX.BK,STARFLEX PUBLIC COMPANY LIMITED,Industrials,Packaging,THB,SET
SFP.BK,SIAM FOOD PRODUCTS PUBLIC COMPANY LIMITED,Agro & Food Industry,Food & Beverage,THB,SET
SGF.BK,SGF CAPITAL PUBLIC COMPANY LIMITED,Financials,-,NaN,mai
SGP.BK,SIAMGAS AND PETROCHEMICALS PUBLIC COMPANY LIMITED,Resources,Energy & Utilities,THB,SET
SHANG.BK,SHANGRI-LA HOTEL PUBLIC COMPANY LIMITED,Services,Tourism & Leisure,THB,SET
SHR.BK,S HOTELS AND RESORTS PUBLIC COMPANY LIMITED,Services,Tourism & Leisure,THB,SET
SHREIT.BK,STRATEGIC HOSPITALITY EXTENDABLE FREEHOLD AND LEASEHOLD REAL ESTATE INVESTMENT TRUST,Property & Construction,Property Fund & REITs,THB,SET
SIAM.BK,SIAM STEEL INTERNATIONAL PUBLIC COMPANY LIMITED,Consumer Products,Home & Office Products,THB,SET
SIMAT.BK,SIMAT TECHNOLOGIES PUBLIC COMPANY LIMITED,Technology,-,THB,mai
SINGER.BK,SINGER THAILAND PUBLIC COMPANY LIMITED,Services,Commerce,THB,SET
SIRI.BK,SANSIRI PUBLIC COMPANY LIMITED,Property & Construction,Property Development,THB,SET
SIRIP.BK,SIRI PRIME OFFICE PROPERTY FUND,Property & Construction,Property Fund & REITs,THB,SET
SIS.BK,SIS DISTRIBUTION (THAILAND) PUBLIC COMPANY LIMITED,Technology,Information & Communication Technology,THB,SET
SISB.BK,SISB PUBLIC COMPANY LIMITED,Services,Professional Services,THB,SET
SITHAI.BK,SRITHAI SUPERWARE PUBLIC COMPANY LIMITED,Industrials,Packaging,THB,SET
SKE.BK,SAKOL ENERGY PUBLIC COMPANY LIMITED,Resources,Energy & Utilities,THB,SET
SKN.BK,S.KIJCHAI ENTERPRISE PUBLIC COMPANY LIMITED,Property & Construction,Construction Materials,THB,SET
SKR.BK,SIKARIN PUBLIC COMPANY LIMITED,Services,Health Care Services,THB,SET
SKY.BK,SKY ICT PUBLIC COMPANY LIMITED,Technology,-,THB,mai
SLP.BK,SALEE PRINTING PUBLIC COMPANY LIMITED,Industrials,Packaging,THB,SET
SMART.BK,SMART CONCRETE PUBLIC COMPANY LIMITED,Property & Construction,-,THB,mai
SMIT.BK,SAHAMIT MACHINERY PUBLIC COMPANY LIMITED,Industrials,Steel,THB,SET
SMK.BK,SYN MUN KONG INSURANCE PUBLIC COMPANY LIMITED,Financials,Insurance,NaN,SET
SMPC.BK,SAHAMITR PRESSURE CONTAINER PUBLIC COMPANY LIMITED,Industrials,Packaging,THB,SET
SMT.BK,STARS MICROELECTRONICS (THAILAND) PUBLIC COMPANY LIMITED,Technology,Electronic Components,THB,SET
SNC.BK,SNC FORMER PUBLIC COMPANY LIMITED,Industrials,Industrial Materials & Machinery,THB,SET
SNP.BK,S & P SYNDICATE PUBLIC COMPANY LIMITED,Agro & Food Industry,Food & Beverage,THB,SET
SOLAR.BK,SOLARTRON PUBLIC COMPANY LIMITED,Resources,Energy & Utilities,THB,SET
SONIC.BK,SONIC INTERFREIGHT PUBLIC COMPANY LIMITED,Services,-,THB,mai
SORKON.BK,S. KHONKAEN FOODS PUBLIC COMPANY LIMITED,Agro & Food Industry,Food & Beverage,THB,SET
SPA.BK,SIAM WELLNESS GROUP PUBLIC COMPANY LIMITED,Services,-,THB,mai
SPACK.BK,S. PACK & PRINT PUBLIC COMPANY LIMITED,Industrials,Packaging,THB,SET
SPALI.BK,SUPALAI PUBLIC COMPANY LIMITED,Property & Construction,Property Development,THB,SET
SPC.BK,SAHA PATHANAPIBUL PUBLIC COMPANY LIMITED,Services,Commerce,THB,SET
SPCG.BK,SPCG PUBLIC COMPANY LIMITED,Resources,Energy & Utilities,THB,SET
SPF.BK,SAMUI AIRPORT PROPERTY FUND (LEASEHOLD),Property & Construction,Property Fund & REITs,THB,SET
SPG.BK,THE SIAM PAN GROUP PUBLIC COMPANY LIMITED,Industrials,Automotive,THB,SET
SPI.BK,SAHA PATHANA INTER-HOLDING PUBLIC COMPANY LIMITED,Services,Commerce,THB,SET
SPORT.BK,SIAM SPORT SYNDICATE PUBLIC COMPANY LIMITED,Services,Media & Publishing,THB,SET
SPRC.BK,STAR PETROLEUM REFINING PUBLIC COMPANY LIMITED,Resources,Energy & Utilities,THB,SET
SPRIME.BK,S PRIME GROWTH LEASEHOLD REAL ESTATE INVESTMENT TRUST,Property & Construction,Property Fund & REITs,THB,SET
SPVI.BK,S P V I PUBLIC COMPANY LIMITED,Technology,-,THB,mai
SQ.BK,SAHAKOL EQUIPMENT PUBLIC COMPANY LIMITED,Property & Construction,Construction Services,THB,SET
SR.BK,SIAMRAJ PUBLIC COMPANY LIMITED,Resources,-,THB,mai
SRICHA.BK,SRIRACHA CONSTRUCTION PUBLIC COMPANY LIMITED,Property & Construction,Construction Services,THB,SET
SRIPANWA.BK,SRI PANWA HOSPITALITY REAL ESTATE INVESTMENT TRUST,Property & Construction,Property Fund & REITs,THB,SET
SSC.BK,SERMSUK PUBLIC COMPANY LIMITED,Agro & Food Industry,Food & Beverage,THB,SET
SSF.BK,SURAPON FOODS PUBLIC COMPANY LIMITED,Agro & Food Industry,Food & Beverage,THB,SET
SSI.BK,SAHAVIRIYA STEEL INDUSTRIES PUBLIC COMPANY LIMITED,Industrials,Steel,THB,SET
SSP.BK,SERMSANG POWER CORPORATION PUBLIC COMPANY LIMITED,Resources,Energy & Utilities,THB,SET
SSPF.BK,SALA @ SATHORN PROPERTY FUND,Property & Construction,Property Fund & REITs,THB,SET
SSSC.BK,SIAM STEEL SERVICE CENTER PUBLIC COMPANY LIMITED,Industrials,Steel,THB,SET
SST.BK,SUB SRI THAI PUBLIC COMPANY LIMITED,Agro & Food Industry,Food & Beverage,THB,SET
SSTRT.BK,SUB SRI THAI REAL ESTATE INVESTMENT TRUST,Property & Construction,Property Fund & REITs,THB,SET
STA.BK,SRI TRANG AGRO-INDUSTRY PUBLIC COMPANY LIMITED,Agro & Food Industry,Agribusiness,THB,SET
STANLY.BK,THAI STANLEY ELECTRIC PUBLIC COMPANY LIMITED,Industrials,Automotive,THB,SET
STAR.BK,STAR UNIVERSAL NETWORK PUBLIC COMPANY LIMITED,Property & Construction,-,THB,mai
STARK.BK,STARK CORPORATION PUBLIC COMPANY LIMITED,Industrials,Industrial Materials & Machinery,THB,SET
STC.BK,STC CONCRETE PRODUCT PUBLIC COMPANY LIMITED,Property & Construction,-,THB,mai
STEC.BK,"SINO-THAI ENGINEERING AND CONSTRUCTION PUBLIC CO.,LTD.",Property & Construction,Construction Services,THB,SET
STHAI.BK,"SHUN THAI RUBBER GLOVES INDUSTRY PUBLIC CO., LTD",Consumer Products,Personal Products & Pharmaceuticals,THB,SET
STI.BK,STONEHENGE INTER PUBLIC COMPANY LIMITED,Property & Construction,-,THB,mai
STPI.BK,STP&I PUBLIC COMPANY LIMITED,Property & Construction,Construction Services,THB,SET
SUC.BK,SAHA-UNION PUBLIC COMPANY LIMITED,Consumer Products,Fashion,THB,SET
SUN.BK,SUNSWEET PUBLIC COMPANY LIMITED,Agro & Food Industry,-,THB,mai
SUPER.BK,SUPER ENERGY CORPORATION PUBLIC COMPANY LIMITED,Resources,Energy & Utilities,THB,SET
SUPEREIF.BK,SUPER ENERGY POWER PLANT INFRASTRUCTURE FUND,Resources,Energy & Utilities,THB,SET
SUSCO.BK,SUSCO PUBLIC COMPANY LIMITED,Resources,Energy & Utilities,THB,SET
SUTHA.BK,GOLDEN LIME PUBLIC COMPANY LIMITED,Industrials,Petrochemicals & Chemicals,THB,SET
SVH.BK,SAMITIVEJ PUBLIC COMPANY LIMITED,Services,Health Care Services,THB,SET
SVI.BK,SVI PUBLIC COMPANY LIMITED,Technology,Electronic Components,THB,SET
SVOA.BK,SVOA PUBLIC COMPANY LIMITED,Technology,Information & Communication Technology,THB,SET
SWC.BK,SHERWOOD CORPORATION (THAILAND) PUBLIC COMPANY LIMITED,Industrial,-,THB,mai
SYMC.BK,SYMPHONY COMMUNICATION PUBLIC COMPANY LIMITED,Technology,Information & Communication Technology,THB,SET
SYNEX.BK,SYNNEX (THAILAND) PUBLIC COMPANY LIMITED,Technology,Information & Communication Technology,THB,SET
SYNTEC.BK,SYNTEC CONSTRUCTION PUBLIC COMPANY LIMITED,Property & Construction,Construction Services,THB,SET
T.BK,T ENGINEERING CORPORATION PUBLIC COMPANY LIMITED,Property & Construction,-,THB,mai
TACC.BK,T.A.C. CONSUMER PUBLIC COMPANY LIMITED,Agro & Food Industry,-,THB,mai
TAE.BK,THAI AGRO ENERGY PUBLIC COMPANY LIMITED,Resources,Energy & Utilities,THB,SET
TAKUNI.BK,TAKUNI GROUP PUBLIC COMPANY LIMITED,Resources,-,THB,mai
TAPAC.BK,TAPACO PUBLIC COMPANY LIMITED,Property & Construction,-,THB,mai
TASCO.BK,TIPCO ASPHALT PUBLIC COMPANY LIMITED,Property & Construction,Construction Materials,THB,SET
TBSP.BK,TBSP PUBLIC COMPANY LIMITED,Services,Media & Publishing,THB,SET
TC.BK,TROPICAL CANNING (THAILAND) PUBLIC COMPANY LIMITED,Agro & Food Industry,Food & Beverage,THB,SET
TCAP.BK,THANACHART CAPITAL PUBLIC COMPANY LIMITED,Financials,Banking,NaN,SET
TCC.BK,THAI CAPITAL CORPORATION PUBLIC COMPANY LIMITED,Resources,Energy & Utilities,THB,SET
TCCC.BK,THAI CENTRAL CHEMICAL PUBLIC COMPANY LIMITED,Industrials,Petrochemicals & Chemicals,THB,SET
TCJ.BK,T.C.J. ASIA PUBLIC COMPANY LIMITED,Industrials,Industrial Materials & Machinery,THB,SET
TCMC.BK,TCM CORPORATION PUBLIC COMPANY LIMITED,Property & Construction,Construction Materials,THB,SET
TCOAT.BK,THAI COATING INDUSTRIAL PUBLIC COMPANY LIMITED,Industrials,Packaging,THB,SET
TEAM.BK,TEAM PRECISION PUBLIC COMPANY LIMITED,Technology,Electronic Components,THB,SET
TEAMG.BK,TEAM CONSULTING ENGINEERING AND MANAGEMENT PUBLIC COMPANY LIMITED,Services,Professional Services,THB,SET
TFFIF.BK,THAILAND FUTURE FUND,Services,Transportation & Logistics,THB,SET
TFG.BK,THAIFOODS GROUP PUBLIC COMPANY LIMITED,Agro & Food Industry,Food & Beverage,THB,SET
TFI.BK,THAI FILM INDUSTRIES PUBLIC COMPANY LIMITED,Industrials,Packaging,THB,SET
TFMAMA.BK,THAI PRESIDENT FOODS PUBLIC COMPANY LIMITED,Agro & Food Industry,Food & Beverage,THB,SET
TGPRO.BK,THAI-GERMAN PRODUCTS PUBLIC COMPANY LIMITED,Industrials,Steel,THB,SET
TH.BK,TONG HUA HOLDING PUBLIC COMPANY LIMITED,Services,Media & Publishing,THB,SET
THAI.BK,THAI AIRWAYS INTERNATIONAL PUBLIC COMPANY LIMITED,Services,Transportation & Logistics,THB,SET
THANA.BK,THANASIRI GROUP PUBLIC COMPANY LIMITED,Property & Construction,-,THB,mai
THANI.BK,RATCHTHANI LEASING PUBLIC COMPANY LIMITED,Financials,Finance & Securities,NaN,SET
THCOM.BK,THAICOM PUBLIC COMPANY LIMITED,Technology,Information & Communication Technology,THB,SET
THE.BK,THE STEEL PUBLIC COMPANY LIMITED,Industrials,Steel,THB,SET
THG.BK,THONBURI HEALTHCARE GROUP PUBLIC COMPANY LIMITED,Services,Health Care Services,THB,SET
THIP.BK,THANTAWAN INDUSTRY PUBLIC COMPANY LIMITED,Industrials,Packaging,THB,SET
THL.BK,TONGKAH HARBOUR PUBLIC COMPANY LIMITED,Resources,Mining,THB,SET
THMUI.BK,THAI MUI CORPORATION PUBLIC COMPANY LIMITED,Services,-,THB,mai
THRE.BK,THAI REINSURANCE PUBLIC COMPANY LIMITED,Financials,Insurance,NaN,SET
THREL.BK,THAIRE LIFE ASSURANCE PUBLIC COMPANY LIMITED,Financials,Insurance,NaN,SET
TIF1.BK,THAI INDUSTRIAL FUND 1,Property & Construction,Property Fund & REITs,THB,SET
TIGER.BK,THAI ENGER HOLDING PUBLIC COMPANY LIMITED,Property & Construction,-,THB,mai
TIP.BK,DHIPAYA INSURANCE PUBLIC COMPANY LIMITED,Financials,Insurance,NaN,SET
TIPCO.BK,TIPCO FOODS PUBLIC COMPANY LIMITED,Agro & Food Industry,Food & Beverage,THB,SET
TISCO.BK,TISCO FINANCIAL GROUP PUBLIC COMPANY LIMITED,Financials,Banking,NaN,SET
TITLE.BK,RHOM BHO PROPERTY PUBLIC COMPANY LIMITED,Property & Construction,-,THB,mai
TIW.BK,THAILAND IRON WORKS PUBLIC COMPANY LIMITED,Industrials,Steel,THB,SET
TK.BK,THITIKORN PUBLIC COMPANY LIMITED,Financials,Finance & Securities,NaN,SET
TKN.BK,TAOKAENOI FOOD & MARKETING PUBLIC COMPANY LIMITED,Agro & Food Industry,Food & Beverage,THB,SET
TKS.BK,T.K.S. TECHNOLOGIES PUBLIC COMPANY LIMITED,Services,Media & Publishing,THB,SET
TKT.BK,T.KRUNGTHAI INDUSTRIES PUBLIC COMPANY LIMITED,Industrials,Automotive,THB,SET
TLGF.BK,TESCO LOTUS RETAIL GROWTH FREEHOLD AND LEASEHOLD PROPERTY FUND,Property & Construction,Property Fund & REITs,THB,SET
TLHPF.BK,THAILAND HOSPITALITY PROPERTY FUND,Property & Construction,Property Fund & REITs,THB,SET
TM.BK,TECHNO MEDICAL PUBLIC COMPANY LIMITED,Consumer Products,-,THB,mai
TMB.BK,TMB BANK PUBLIC COMPANY LIMITED,Financials,Banking,NaN,SET
TMC.BK,T.M.C. INDUSTRIAL PUBLIC COMPANY LIMITED,Industrial,-,THB,mai
TMD.BK,THAI METAL DRUM MANUFACTURING PUBLIC COMPANY LIMITED,Industrials,Packaging,THB,SET
TMI.BK,TEERA-MONGKOL INDUSTRY PUBLIC COMPANY LIMITED,Industrial,-,THB,mai
TMILL.BK,T S FLOUR MILL PUBLIC COMPANY LIMITED,Agro & Food Industry,-,THB,mai
TMT.BK,TMT STEEL PUBLIC COMPANY LIMITED,Industrials,Steel,THB,SET
TMW.BK,THAI MITSUWA PUBLIC COMPANY LIMITED,Industrial,-,THB,mai
TNDT.BK,THAI NONDESTRUCTIVE TESTING PUBLIC COMPANY LIMITED,Services,-,THB,mai
TNH.BK,THAI NAKARIN HOSPITAL PUBLIC COMPANY LIMITED,Services,-,THB,mai
TNITY.BK,TRINITY WATTHANA PUBLIC COMPANY LIMITED,Financials,Finance & Securities,NaN,SET
TNL.BK,THANULUX PUBLIC COMPANY LIMITED,Consumer Products,Fashion,THB,SET
TNP.BK,THANAPIRIYA PUBLIC COMPANY LIMITED,Services,-,THB,mai
TNPC.BK,THAI NAM PLASTIC PUBLIC COMPANY LIMITED,Industrials,Automotive,THB,SET
TNPF.BK,TRINITY FREEHOLD AND LEASEHOLD PROPERTY FUND,Property & Construction,Property Fund & REITs,THB,SET
TNR.BK,THAI NIPPON RUBBER INDUSTRY PUBLIC COMPANY LIMITED,Consumer Products,Personal Products & Pharmaceuticals,THB,SET
TOA.BK,TOA PAINT (THAILAND) PUBLIC COMPANY LIMITED,Property & Construction,Construction Materials,THB,SET
TOG.BK,THAI OPTICAL GROUP PUBLIC COMPANY LIMITED,Consumer Products,Personal Products & Pharmaceuticals,THB,SET
TOP.BK,THAI OIL PUBLIC COMPANY LIMITED,Resources,Energy & Utilities,THB,SET
TOPP.BK,THAI O.P.P. PUBLIC COMPANY LIMITED,Industrials,Packaging,THB,SET
TPA.BK,THAI POLY ACRYLIC PUBLIC COMPANY LIMITED,Industrials,Petrochemicals & Chemicals,THB,SET
TPAC.BK,THAI PLASPAC PUBLIC COMPANY LIMITED,Industrial,-,THB,mai
TPBI.BK,TPBI PUBLIC COMPANY LIMITED,Industrials,Packaging,THB,SET
TPCH.BK,TPC POWER HOLDING PUBLIC COMPANY LIMITED,Resources,-,THB,mai
TPCORP.BK,TEXTILE PRESTIGE PUBLIC COMPANY LIMITED,Consumer Products,Fashion,THB,SET
TPIPL.BK,TPI POLENE PUBLIC COMPANY LIMITED,Property & Construction,Construction Materials,THB,SET
TPIPP.BK,TPI POLENE POWER PUBLIC COMPANY LIMITED,Resources,Energy & Utilities,THB,SET
TPLAS.BK,THAI PLASTIC INDUSTRIAL (1994) PUBLIC COMPANY LIMITED,Industrial,-,THB,mai
TPOLY.BK,THAI POLYCONS PUBLIC COMPANY LIMITED,Property & Construction,Construction Services,THB,SET
TPP.BK,THAI PACKAGING & PRINTING PUBLIC COMPANY LIMITED,Industrials,Packaging,THB,SET
TPRIME.BK,THAILAND PRIME PROPERTY FREEHOLD AND LEASEHOLD REAL ESTATE INVESTMENT TRUST,Property & Construction,Property Fund & REITs,THB,SET
TPS.BK,THE PRACTICAL SOLUTION PUBLIC COMPANY LIMITED,Technology,-,THB,mai
TQM.BK,TQM CORPORATION PUBLIC COMPANY LIMITED,Financials,Insurance,NaN,SET
TR.BK,THAI RAYON PUBLIC COMPANY LIMITED,Consumer Products,Fashion,THB,SET
TRC.BK,TRC CONSTRUCTION PUBLIC COMPANY LIMITED,Property & Construction,Construction Services,THB,SET
TRITN.BK,TRITON HOLDING PUBLIC COMPANY LIMITED,Property & Construction,Construction Services,THB,SET
TRT.BK,TIRATHAI PUBLIC COMPANY LIMITED,Resources,-,THB,mai
TRU.BK,THAI RUNG UNION CAR PUBLIC COMPANY LIMITED,Industrials,Automotive,THB,SET
TRUBB.BK,THAI RUBBER LATEX GROUP PUBLIC COMPANY LIMITED,Agro & Food Industry,Agribusiness,THB,SET
TRUE.BK,TRUE CORPORATION PUBLIC COMPANY LIMITED,Technology,Information & Communication Technology,THB,SET
TSC.BK,THAI STEEL CABLE PUBLIC COMPANY LIMITED,Industrials,Automotive,THB,SET
TSE.BK,THAI SOLAR ENERGY PUBLIC COMPANY LIMITED,Resources,Energy & Utilities,THB,SET
TSF.BK,THREE SIXTY FIVE PUBLIC COMPANY LIMITED,Services,-,THB,mai
TSI.BK,THE THAI SETAKIJ INSURANCE PUBLIC COMPANY LIMITED,Financials,Insurance,NaN,SET
TSR.BK,THIENSURAT PUBLIC COMPANY LIMITED,Consumer Products,Home & Office Products,THB,SET
TSTE.BK,THAI SUGAR TERMINAL PUBLIC COMPANY LIMITED,Services,Transportation & Logistics,THB,SET
TSTH.BK,TATA STEEL (THAILAND) PUBLIC COMPANY LIMITED,Industrials,Steel,THB,SET
TTA.BK,THORESEN THAI AGENCIES PUBLIC COMPANY LIMITED,Services,Transportation & Logistics,THB,SET
TTCL.BK,TTCL PUBLIC COMPANY LIMITED,Property & Construction,Construction Services,THB,SET
TTI.BK,THAI TEXTILE INDUSTRY PUBLIC COMPANY LIMITED,Consumer Products,Fashion,THB,SET
TTLPF.BK,TALAAD THAI LEASEHOLD PROPERTY FUND,Property & Construction,Property Fund & REITs,THB,SET
TTT.BK,TORAY TEXTILES (THAILAND) PUBLIC COMPANY LIMITED,Consumer Products,Fashion,THB,SET
TTW.BK,TTW PUBLIC COMPANY LIMITED,Resources,Energy & Utilities,THB,SET
TU.BK,THAI UNION GROUP PUBLIC COMPANY LIMITED,Agro & Food Industry,Food & Beverage,THB,SET
TU-PF.BK,T.U. DOME RESIDENTIAL COMPLEX LEASEHOLD PROPERTY FUND,Property & Construction,Property Fund & REITs,THB,SET
TVD.BK,TV DIRECT PUBLIC COMPANY LIMITED,Services,-,THB,mai
TVI.BK,THAIVIVAT INSURANCE PUBLIC COMPANY LIMITED,Financials,Insurance,NaN,SET
TVO.BK,THAI VEGETABLE OIL PUBLIC COMPANY LIMITED,Agro & Food Industry,Food & Beverage,THB,SET
TVT.BK,TV THUNDER PUBLIC COMPANY LIMITED,Services,-,THB,mai
TWP.BK,THAI WIRE PRODUCTS PUBLIC COMPANY LIMITED,Industrials,Steel,THB,SET
TWPC.BK,THAI WAH PUBLIC COMPANY LIMITED,Agro & Food Industry,Agribusiness,THB,SET
TWZ.BK,TWZ CORPORATION PUBLIC COMPANY LIMITED,Technology,Information & Communication Technology,THB,SET
TYCN.BK,"TYCOONS WORLDWIDE GROUP (THAILAND) PUBLIC CO.,LTD.",Industrials,Steel,THB,SET
U.BK,U CITY PUBLIC COMPANY LIMITED,Property & Construction,Property Development,THB,SET
UAC.BK,UAC GLOBAL PUBLIC COMPANY LIMITED,Industrial,-,THB,mai
UBIS.BK,UBIS (ASIA) PUBLIC COMPANY LIMITED,Industrial,-,THB,mai
UEC.BK,UNIMIT ENGINEERING PUBLIC COMPANY LIMITED,Industrial,-,THB,mai
UKEM.BK,UNION PETROCHEMICAL PUBLIC COMPANY LIMITED,Industrial,-,THB,mai
UMI.BK,THE UNION MOSAIC INDUSTRY PUBLIC COMPANY LIMITED,Property & Construction,Construction Materials,THB,SET
UMS.BK,UNIQUE MINING SERVICES PUBLIC COMPANY LIMITED,Resources,-,THB,mai
UNIQ.BK,UNIQUE ENGINEERING AND CONSTRUCTION PUBLIC COMPANY LIMITED,Property & Construction,Construction Services,THB,SET
UOBKH.BK,UOB KAY HIAN SECURITIES (THAILAND) PUBLIC COMPANY LIMITED,Financials,Finance & Securities,NaN,SET
UP.BK,UNION PLASTIC PUBLIC COMPANY LIMITED,Industrials,Petrochemicals & Chemicals,THB,SET
UPA.BK,UNITED POWER OF ASIA PUBLIC COMPANY LIMITED,Technology,-,THB,mai
UPF.BK,UNION PIONEER PUBLIC COMPANY LIMITED,Consumer Products,Fashion,THB,SET
UPOIC.BK,UNITED PALM OIL INDUSTRY PUBLIC COMPANY LIMITED,Agro & Food Industry,Agribusiness,THB,SET
URBNPF.BK,URBANA PROPERTY FUND (LEASE HOLD),Property & Construction,Property Fund & REITs,THB,SET
UREKA.BK,EUREKA DESIGN PUBLIC COMPANY LIMITED,Industrial,-,THB,mai
UT.BK,UNION TEXTILE INDUSTRIES PUBLIC COMPANY LIMITED,Consumer Products,Fashion,THB,SET
UTP.BK,UNITED PAPER PUBLIC COMPANY LIMITED,Industrials,Paper & Printing Materials,THB,SET
UV.BK,UNIVENTURES PUBLIC COMPANY LIMITED,Property & Construction,Property Development,THB,SET
UVAN.BK,UNIVANICH PALM OIL PUBLIC COMPANY LIMITED,Agro & Food Industry,Agribusiness,THB,SET
UWC.BK,UA WITHYA PUBLIC COMPANY LIMITED,Resources,-,THB,mai
VARO.BK,VAROPAKORN PUBLIC COMPANY LIMITED,Industrials,Industrial Materials & Machinery,THB,SET
VCOM.BK,VINTCOM TECHNOLOGY PUBLIC COMPANY LIMITED,Technology,-,THB,mai
VGI.BK,VGI PUBLIC COMPANY LIMITED,Services,Media & Publishing,THB,SET
VI.BK,VENTURE INCORPORATION PUBLIC COMPANY LIMITED,-,Companies Under Rehabilitation,NaN,SET
VIBHA.BK,VIBHAVADI MEDICAL CENTER PUBLIC COMPANY LIMITED,Services,Health Care Services,THB,SET
VIH.BK,SRIVICHAIVEJVIVAT PUBLIC COMPANY LIMITED,Services,Health Care Services,THB,SET
VL.BK,V.L. ENTERPRISE PUBLIC COMPANY LIMITED,Services,-,THB,mai
VNG.BK,VANACHAI GROUP PUBLIC COMPANY LIMITED,Property & Construction,Construction Materials,THB,SET
VNT.BK,VINYTHAI PUBLIC COMPANY LIMITED,Industrials,Petrochemicals & Chemicals,THB,SET
VPO.BK,VICHITBHAN PALMOIL PUBLIC COMPANY LIMITED,Agro & Food Industry,Agribusiness,THB,SET
VRANDA.BK,VERANDA RESORT PUBLIC COMPANY LIMITED,Services,Tourism & Leisure,THB,SET
WACOAL.BK,THAI WACOAL PUBLIC COMPANY LIMITED,Consumer Products,Fashion,THB,SET
WAVE.BK,WAVE ENTERTAINMENT PUBLIC COMPANY LIMITED,Services,Media & Publishing,THB,SET
WG.BK,WHITE GROUP PUBLIC COMPANY LIMITED,Industrials,Petrochemicals & Chemicals,THB,SET
WHA.BK,WHA CORPORATION PUBLIC COMPANY LIMITED,Property & Construction,Property Development,THB,SET
WHABT.BK,WHA BUSINESS COMPLEX FREEHOLD AND LEASEHOLD REAL ESTATE INVESTMENT TRUST,Property & Construction,Property Fund & REITs,THB,SET
WHART.BK,WHA PREMIUM GROWTH FREEHOLD AND LEASEHOLD REAL ESTATE INVESTMENT TRUST,Property & Construction,Property Fund & REITs,THB,SET
WHAUP.BK,WHA UTILITIES AND POWER PUBLIC COMPANY LIMITED,Resources,Energy & Utilities,THB,SET
WICE.BK,WICE LOGISTICS PUBLIC COMPANY LIMITED,Services,Transportation & Logistics,THB,SET
WIIK.BK,WIIK PUBLIC COMPANY LIMITED,Property & Construction,Construction Materials,THB,SET
WIN.BK,WYNCOAST INDUSTRIAL PARK PUBLIC COMPANY LIMITED,Property & Construction,Property Development,THB,SET
WINNER.BK,WINNER GROUP ENTERPRISE PUBLIC COMPANY LIMITED,Services,-,THB,mai
WORK.BK,WORKPOINT ENTERTAINMENT PUBLIC COMPANY LIMITED,Services,Media & Publishing,THB,SET
WORLD.BK,WORLD CORPORATION PUBLIC COMPANY LIMITED,-,Companies Under Rehabilitation,NaN,SET
WP.BK,WP ENERGY PUBLIC COMPANY LIMITED,Resources,Energy & Utilities,THB,SET
WPH.BK,WATTANAPAT HOSPITAL TRANG PUBLIC COMPANY LIMITED,Services,Health Care Services,THB,SET
WR.BK,WE RETAIL PUBLIC COMPANY LIMITED,-,Companies Under Rehabilitation,NaN,SET
XO.BK,EXOTIC FOOD PUBLIC COMPANY LIMITED,Agro & Food Industry,-,THB,mai
YCI.BK,YONG THAI PUBLIC COMPANY LIMITED,Industrials,Petrochemicals & Chemicals,USD,SET
YGG.BK,YGGDRAZIL GROUP PUBLIC COMPANY LIMITED,Services,-,THB,mai
YUASA.BK,YUASA BATTERY (THAILAND) PUBLIC COMPANY LIMITED,Industrial,-,THB,mai
ZEN.BK,ZEN CORPORATION GROUP PUBLIC COMPANY LIMITED,Agro & Food Industry,Food & Beverage,THB,SET
ZIGA.BK,ZIGA INNOVATION PUBLIC COMPANY LIMITED,Industrial,-,THB,mai
ZMICO.BK,SEAMICO SECURITIES PUBLIC COMPANY LIMITED,Financials,Finance & Securities,NaN,SET
